nuts,original_code,original_name,translated_name,hcat4_code,hcat4_name,g_tname,dpl_tname,opus_tname,translation_flag,type_error,Notes,Niche/uncommon name/spelling error/abbreviation
dk,1.0,Vårbyg,Spring barley,3310104002,spring_barley,Spring barley,Spring barley,Spring barley,1,,,
dk,2.0,Vårhvede,Spring wheat,3310101002,spring_common_soft_wheat,Spring wheat,Spring wheat,Spring wheat,1,,,
dk,3.0,Vårhavre,Spring oats,3310105002,spring_oats,Spring oats,Spring oats,Spring oar,0,1,,
dk,4.0,Blanding af vårsåede kornarter,Mix of spring-sown cereal crops,3310198002,spring_unspecified_cereals,Mixture of spring-sown cereals,Mixture of spring-sown cereals,Mixing of seeded cereals,0,1,,
dk,5.0,Majs til modenhed,Maize for maturity,3310106000,maize_corn_popcorn,Maize to maturity,Corn until maturity,Maize to maturity,1,,,
dk,6.0,"Vårhvede, brødhvede",Spring wheat bread wheat,3310101002,spring_common_soft_wheat,"Spring wheat, bread wheat","Spring wheat, bread wheat","Spring wheat, bread wheat",1,,,
dk,7.0,Korn/bælgsæd max. 50% bælgsæd,Grain/legume max. 50% grain legumes,3310100000,cereal,Grain/legume max. 50% leguminous seed,Grains/legumes: max. 50% legumes,Cereals/legume seed max. 50% pulsed semen,1,,,
dk,8.0,Vårspelt,Spring spelt,3310110002,spring_spelt,Spring spell,Spring spelt,Turmeric/curcuma,0,1,,
dk,9.0,Vinterspelt,Winter spelt,3310110001,winter_spelt,Winter spell,Winter Spelt,Winter pelt,0,1,,
dk,10.0,Vinterbyg,Winter barley,3310104001,winter_barley,Winter barley,Winter barley,Winter barley,1,,,
dk,11.0,Vinterhvede,Winter wheat,3310101001,winter_common_soft_wheat,Winter wheat,Winter wheat,Winter wheat,1,,,
dk,13.0,"Vinterhvede, brødhvede",Winter wheat bread wheat,3310101001,winter_common_soft_wheat,"Winter wheat, bread wheat","Winter wheat, bread wheat","Winter wheat, bread wheat",1,,,
dk,14.0,Vinterrug,Winter rye,3310103001,winter_rye,Winter rye,Winter Back,Winter trough,0,1,,
dk,15.0,Vinterhybridrug,Winter hybrid rye,3310103001,winter_rye,Winter hybrid rye,Winter hybrid rye,Winter hybrid trough,0,1,,
dk,16.0,Vintertriticale,Winter triticale,3310108001,winter_triticale,Winter triticale,Winter triticale,Winter triticale,1,,,
dk,17.0,Blanding af efterårssåede kornarter,Mix of autumn-sown cereal varieties,3310198001,winter_unspecified_cereals,Mixture of autumn-sown cereals,Mixture of fall-sown cereals,Mixing of autumn-sowed cereals,1,,,
dk,18.0,Korn og bælgsæd (over 50 % bælgsæd),Grain and legumes (over 50% legumes),3310200000,legumes,Cereals and pulses (over 50% pulses),Cereals and legumes (more than 50% legumes),Cereals and grain legumes (more than 50% of pulses),1,,,
dk,19.0,Majs til modenhed med græsudlæg,Maize to maturity with grass cover,3310106000,maize_corn_popcorn,Maize to maturity with grass cover,Corn grown on grass-based forage,Maize (corn) for maturity with grass seed,1,,,
dk,21.0,Vårraps,Spring rape,3310604012,spring_rapeseed_rape,Spring rape,Spring rapeseed,Spring rape,1,,,
dk,22.0,Vinterraps,Winter rape,3310604011,winter_rapeseed_rape,Winter canola,Winter rapeseed,Winter rape,1,,,
dk,23.0,Rybs,Rapeseed,3310604010,rapeseed_rape,Turnip,Turnips,Shrimps and prawns,0,1,,
dk,24.0,Solsikke,Sunflower,3310604020,sunflower,Sunflower,Sunflower,Sunflower,1,,,
dk,25.0,Sojabønner,Soybeans,3310201030,soy_soybeans,Soybeans,Soybeans,Soya bean,1,,,
dk,26.0,Linser,Flax,3310201070,lentils,Lentils,Lenses,Lentils,0,1,,
dk,27.0,Kikærter,Chickpea,3310201040,chickpeas,Chickpeas,Chickpeas,Chickpeas,1,,,
dk,30.0,Ærter,unknown,3390000000,not_known_and_other,Peas,Peas,Peas,1,,,
dk,31.0,Hestebønner,Broad bean,3310201010,beans,Horse beans,Horse beans,Horse beans,0,2,literal translation,1
dk,32.0,Sødlupin,Sweet lupine,3310201090,lupins,Sweet lupine,Sweet lupine,Sweet lupin,1,,,
dk,35.0,Flerårig bælgsæd,Perennial legume,3310200000,legumes,Perennial leguminous seed,Perennial legume,Perennial pulse semen,1,,,
dk,36.0,"Bælgsæd, andre typer til modenhed blanding",Legumes other types for maturity mixing,3310200000,legumes,"Leguminous seed, other types for maturity mixture","Legumes, other varieties for a mixed harvest","Legume seed, other ripening mixtures",1,,,
dk,40.0,Oliehør,Oil flax,3310607000,flax_linseed,Oil flax,Oilseed flax,Oil flax,1,,,
dk,41.0,Spindhør,Spinning flax,3310607000,flax_linseed,Cobweb,Spun flax,Flax,0,1,,
dk,42.0,Hamp,Hemp,3310610000,hemp_cannabis,Hemp,Hamp,Hemp,1,,,
dk,44.0,Unknown,unknown,3390000000,not_known_and_other,Unknown,Unknown,Unknown,1,,,
dk,50.0,Anden bredbladet afgrøde,Other broadleaf crop,3310000000,arable_crops,Other broadleaf crop,Other broadleaf crops,Other broadleaf crops,1,,,
dk,51.0,"Blanding bredbladet afgrøde, frø/kerne",Mix broadleaf crop seed / core,3310000000,arable_crops,"Mix broadleaf crop, seed/kernel","Mixture of broadleaf crops, seeds/grains","Mix broad-leaved crop, seed/grain",1,,,
dk,52.0,Quinoa,Quinoa,3310703030,quinoa,Quinoa,Quinoa,Quinoa,1,,,
dk,53.0,Boghvede,Buckwheat,3310703020,buckwheat,Buckwheat,Buckwheat,Buckwheat,1,,,
dk,54.0,Bælgsæd blanding,Legume mixture,3310200000,legumes,Legume seed mixture,Legume mix,Legume seed mixture,1,,,
dk,55.0,Vårrug,Spring rye,3310103002,spring_rye,Spring rye,Spring rye,Springrug,0,1,,
dk,56.0,Vårtriticale,Spring triticale,3310108002,spring_triticale,Spring critical,Spring triticale,Spring triticale,0,1,,
dk,57.0,Vinterhavre,Winter oats,3310105001,winter_oats,Winter oats,Winter oats,Winter orchard,0,1,,
dk,58.0,Sorghum,Sorghum,3310116000,sorghum,Sorghum,Sorghum,Grain sorghum,1,,,
dk,95.0,Unknown,unknown,3390000000,not_known_and_other,Unknown,Unknown,Unknown,1,,,
dk,101.0,"Rajgræsfrø, alm.",Ryegrass seeds regular,3320201050,lolium_ryegrass,"Rye grass seed, common","Ryegrass seed, common","Ryegrass seed, alm.",1,,,
dk,102.0,"Rajgræsfrø, alm. 1. år, efterårsudlagt",Ryegrass seeds regular 1st year autumn undersown,3320201050,lolium_ryegrass,"Rye grass seed, common 1st year, autumn semester","Ryegrass seed, common, first-year, sown in the fall","Ryegrass seed, alm. 1st year, autumn period",1,,,
dk,103.0,"Rajgræsfrø, ital.",Ryegrass seeds italian,3320201050,lolium_ryegrass,"Rye grass seed, ital.","Ryegrass seed, Italian","Rajgrass seeds, ital.",1,,,
dk,104.0,"Rajgræsfrø, ital. 1. år efterårsudlagt",Ryegrass seeds Italian 1 year autumn undersown,3320201050,lolium_ryegrass,"Rye grass seed, ital. 1st year, put out in the autumn","Ryegrass seed, Italian variety, first-year fall-sown","Rajgrass seeds, ital. 1st year autumn period",1,,,
dk,105.0,Timothefrø,Timothy-grass seeds (Phleum pratense),3320201090,timothy,Timothy seeds,Timothy seeds,Timothy seed,1,,,
dk,106.0,Hundegræsfrø,Dactylis glomerata seeds,3320201030,cocksfoot_catgrass,Dog grass seed,Dog grass seeds,Peanuts/groundnuts,0,3,,1
dk,107.0,Engsvingelfrø,Meadow fescue seeds,3320201020,festuca_fescue,Fenugreek seeds,Meadow fescue seed,Meadow fescue seed,0,1,,
dk,108.0,Rødsvingelfrø,Red fescue seeds,3320201020,festuca_fescue,Fenugreek seeds,Red fescue seeds,Red fescue seed,0,1,,
dk,109.0,Rajsvingelfrø,X Festulolium seeds,3320201020,festuca_fescue,Rice fescue seeds,Rye grass seed,Raj fescue seed,0,3,,1
dk,110.0,"Svingelfrø, stivbladet",Festuca ovina var. Duriuscula seeds,3320201020,festuca_fescue,"Fenugreek seeds, stiff-leaved","Fescue seeds, stiff-leaved","Fungal seed, rigid leaf",0,3,,1
dk,111.0,Strandsvingelfrø,Festuca arundinacea seed,3320201020,festuca_fescue,Fenugreek seeds,Beach grass seeds,Beach fescue seed,0,3,,1
dk,112.0,Engrapgræsfrø (marktype),Poa Pratensis seed (ley type),3320209900,other_poaceae_grasses,Grass seed (field type),Couch grass seed (field type),Engrap grass seed (field type),0,3,,1
dk,113.0,Engrapsgræsfrø (plænetype),Poa Pratensis seed (turfgrass type),3320209900,other_poaceae_grasses,Grass seed (lawn type),Couch grass seed (lawn type),Engraps grass seed (type of lawn),0,3,,1
dk,114.0,Alm. rapgræsfrø,Poa trivialis seeds,3320209900,other_poaceae_grasses,General rapeseed,Common ryegrass seed,Alm. Rape grass seed,0,3,,1
dk,115.0,"Hvenefrø, alm. og krybende",Agrostis stolonifera,3320209900,other_poaceae_grasses,"Buckwheat seed, common and crawling",Common and creeping wheatgrass,"Whale seed, alm. and creeping",0,3,,1
dk,116.0,"Rajgræs, hybrid",Ryegrass hybrid,3320201050,lolium_ryegrass,"Rye grass, hybrid","Ryegrass, hybrid",Rajgrass hybrid,1,,,
dk,117.0,"Rajgræs, efterårsudl. hybrid",Ryegrass autumn undersown hybrid,3320201050,lolium_ryegrass,"Rye grass, autumn release hybrid","Ryegrass, fall-sown hybrid","Rajgrass, autumn meal. hybrid",1,,,
dk,118.0,"Rajsvingelfrø, efterårsudlagt",X Festulolium seeds autumn undersown,3320201020,festuca_fescue,"Rice fescue seeds, sown in autumn","Rye grass seed, sown in the fall","Raj fescue seed, autumn seed",0,3,,1
dk,120.0,Kløverfrø,Clover seeds,3310202030,clover,Clover seed,Clover seeds,Clover seed,1,,,
dk,121.0,Græsmarksbælgplanter,Grassland legumes,3320000000,grassland_grass,Grassland legumes,Grassland legumes,Grass legumes,1,,,
dk,122.0,Kommenfrø,Caraway seeds,3310612110,caraway,Caraway seeds,Flaxseed,"Cultivated fungi, whether or not ground or in the form of pellets, whether or not ground or in the form of pellets",0,3,,1
dk,123.0,Valmuefrø,Poppy seeds,3310606000,poppy,Poppy seeds,Poppy seeds,Poppy seed,1,,,
dk,124.0,Spinatfrø,Spinach seeds,3310717070,spinach,Spinach seeds,Spinach seeds,Spinach seed,1,,,
dk,125.0,Bederoefrø,Beetroot seeds,3310719020,mangelwurzel_beets,Beetroot seeds,Bederoe seeds,Peanuts/groundnuts,0,3,,1
dk,126.0,Blanding af markfrø til udsæd,Mixture of field seeds for sowing,3310000000,arable_crops,Mixture of field seeds for sowing,Mixture of field seeds for sowing,Mixing of field seed for sowing,1,,,
dk,130.0,Unknown,unknown,3390000000,not_known_and_other,Unknown,Unknown,Unknown,1,,,
dk,149.0,"Kartofler, lægge- (certificerede)",Seed Potatoes (certified),3310300000,potatoes,"Potatoes, laying (certified)","Potatoes, seed (certified)","Potatoes, seed (certified)",0,1,,
dk,150.0,"Kartofler, lægge- (egen opformering)",Seed potatoes (own propagation),3310300000,potatoes,"Potatoes, laying (own propagation)","Potatoes, seed (self-propagated)","Potatoes, seedlings- (own propagation)",0,1,,
dk,151.0,Stivelseskartofler,Starch potatoes,3310300000,potatoes,Starch potatoes,Starchy potatoes,Starch potatoes,1,,,
dk,152.0,"Kartofler, spise- (pakkeri, vejsalg)","Potatoes, eating- (packaging, roadside sales)",3310300000,potatoes,"Potatoes, edible (packing, road sales)","Potatoes, for consumption (packing, roadside sales)","Potatoes, eating- (packing, road selling)",1,,,
dk,153.0,"Kartofler, andre",Potatoes others,3310300000,potatoes,"Potatoes, others","Potatoes, other","Potatoes, other",1,,,
dk,154.0,"Kartofler, spise- (proces, skrællet kogte)","Potatoes, edible (process, peeled boiled)",3310300000,potatoes,"Potatoes, edible (process, peeled cooked)","Potatoes, table (processed, peeled and cooked)","Potatoes, edible (process, peeled, cooked)",1,,,
dk,155.0,"Kartofler, pulver/granules-","Potatoes, powder/granules.",3310300000,potatoes,"Potatoes, powder/granules","Potatoes, powder/granules-","Potatoes, powder/granule",1,,,
dk,156.0,"Kartofler, friteret/chips/pommes frites","Potatoes, fried/chips/french fries",3310300000,potatoes,"Potatoes, fried/chips/French fries","Potatoes, fried/chips/french fries","Potatoes, fried/chips/fries",1,,,
dk,157.0,"Kartofler, spise- tidligt høstede med efterafgrøder","Potatoes, eating- Early harvested potatoes with aftercrops.",3310300000,potatoes,"Potatoes, edible - early harvested with subsequent crops","Potatoes, early-harvested for consumption with catch crops","Potatoes, eaten- early harvested with catch crops",1,,,
dk,160.0,Sukkerroer til fabrik,Sugar beet for factory,3310719010,sugar_beet,Sugar beet for factory,Sugar beets for the factory,Sugar beet at factory,1,,,
dk,161.0,Cikorierødder,Chicory root,3310717010,chicory_chicories,Chicory roots,Chicory roots,Carobs/Saint John's breads,0,1,,
dk,162.0,"Andre industriafgr., herunder rodfrugter","Industrial crops, including root vegetables.",3310000000,arable_crops,"Other industrial sectors, including root vegetables","Other industrial crops, including root vegetables","Other industrial crops, including roots and tubers",1,,,
dk,170.0,Græs/kløvergr. til fabrik (omdrift),Grass/clover for factory (recycling),3320000000,grassland_grass,Grass/clover gr. to factory (circulation),Grass/clover pasture for processing (rotation),Grass/clover gherkins to factory (rotation),0,1,,
dk,171.0,Lucerne slæt + eget foder,Alfalfa hay + self-produced feed.,3310202010,alfalfa_lucerne,Lucerne plain + own feed,Alfalfa hay + home-grown feed,Lucerne rash + own feed,0,1,,
dk,172.0,"Lucernegræs, over 25% græs til slæt inkl. eget foder",Lucerne grass over 25% grass for mowing incl. own feed,3310202010,alfalfa_lucerne,"Lucerne grass, over 25% grass for slough incl. own feed","Alfalfa grass, over 25% grass for hay, including self-produced forage","Lucerne grass, more than 25% grass for grass incl. own feed;",1,,,
dk,173.0,Kløver til slæt.,Clover for mowing,3310202030,clover,Clover for the plain.,Clover for hay.,Clover to the rash.,0,1,,
dk,174.0,Kløvergræs til fabrik,Clover grass for factory,3310202030,clover,Clover grass for factory,Clover grass for the factory,Clover grass for factory,1,,,
dk,180.0,Gul sennep,White mustard,3310707010,mustard,Yellow mustard,Yellow mustard,Yellow mustard,1,,,
dk,181.0,Anden oliefrøart,Other oilseed crop,3310604000,oilseed_crops,Other oilseed species,Another type of oilseed,Other oil seeds,1,,,
dk,182.0,Blanding af oliearter,Mixture of oil species,3310604000,oilseed_crops,Blend of oils,Blend of oils,Mixing of oils,1,,,
dk,200.0,Fragået mark,Fallow land,3370000000,unmaintained,Departed field,Uncultivated field,Deferred field,0,1,,
dk,201.0,Sammenlagt mark,Combined field,3310000000,arable_crops,Total field,Total land area,Total field,0,2,,1
dk,202.0,"fragået mark, prod.skifte","abandoned land, product change",3370000000,unmaintained,"left field, prod. change","fallow land, crop rotation","Abandoned Mark, Prod.Change",0,1,,
dk,210.0,"Vårbyg, helsæd",Spring barley wholecrop,3310104002,spring_barley,"Spring barley, whole seed","Spring barley, whole grain","Spring barley, whole sperm",0,2,,1
dk,211.0,"Vårhvede, helsæd",Spring wheat wholecrop,3310101002,spring_common_soft_wheat,"Spring wheat, whole grain","Spring wheat, whole grain","Lamb's wheat, whole sperm",0,2,,1
dk,212.0,"Vårhavre, helsæd",Spring oats wholecrop,3310105002,spring_oats,"Spring oats, whole seed","Spring oats, whole grain","Spring orchard, whole sperm",0,2,,1
dk,213.0,"Blandkorn, vårsået, helsæd",Mixed cereal spring sown wholecrop,3310111002,spring_mixed_grains,"Mixed grain, spring-sown, whole-seeded","Mixed grain, spring-sown, whole grain","Mixed grains, springed, whole grains",0,2,,1
dk,214.0,"Korn/bælgsæd, helsæd, max 50% bælgsæd","Grain/legume, wholecrop, max 50% legumes",3310100000,cereal,"Grain/legume, whole grain, max 50% legume","Grains/legumes, whole grains, max. 50% legumes","Cereals/legume seed, whole semen, max 50%",0,2,,1
dk,215.0,Ærtehelsæd,Pea wholecrop,3310201080,peas,Whole pea seed,Pea seeds,"Vinegar and substitutes therefor prepared or preserved otherwise than by vinegar or acetic acid, in immediate packings of a net content not exceeding 1 kg",0,1,,
dk,216.0,Silomajs,Silo maize,3310106000,maize_corn_popcorn,Silage corn,Silage corn,Silo-maize,1,,,
dk,217.0,"Korn og bælgsæd, helsæd (over 50 % bælgsæd)","Grain and grain legumes, whole grain (over 50% grain legumes)",3310200000,legumes,"Cereals and legumes, whole grains (over 50% legumes)","Cereals and legumes, mixed grain (more than 50% legumes)","Cereals and grain legumes, whole semen (more than 50 per cent of grain legumes)",0,2,,1
dk,218.0,Silomajs med græsudlæg,Silo maize with grass undersowing,3310106000,maize_corn_popcorn,Silage maize with grass cover,Silage corn with grass cover crop,Grain maize (corn) with grass seed,1,,,
dk,220.0,"Vinterbyg, helsæd",Winter barley wholecrop,3310104001,winter_barley,"Winter barley, whole seed","Winter barley, whole grain","Winter barley, whole sperm",0,2,,1
dk,221.0,"Vinterhvede, helsæd",Winter wheat wholecrop,3310101001,winter_common_soft_wheat,"Winter wheat, whole grain","Winter wheat, whole grain","Winter wheat, whole sperm",0,2,,1
dk,222.0,"Vinterrug, helsæd",Winter rye wholecrop,3310103001,winter_rye,"Winter rye, whole grain","Winter rye, whole grain","Winter trough, whole sperm",0,3,,1
dk,223.0,"Vintertriticale, helsæd",Winter triticale wholecrop,3310108001,winter_triticale,"Winter triticale, whole seed","Winter triticale, whole grain","Winter triticale, whole sperm",0,2,,1
dk,224.0,"Blandkorn, efterårssået helsæd","Mixed cereals, autumn-sown wholecrop",3310198001,winter_unspecified_cereals,"Mixed grain, autumn-sown whole seed","Mixed grain, fall-sown whole grain","Mixed grains, autumn sown whole seeds",0,2,,1
dk,225.0,Unknown,unknown,3390000000,not_known_and_other,Unknown,Unknown,Unknown,1,,,
dk,230.0,"Vårkorn, grønkorn","Spring cereals, green grains",3310198002,spring_unspecified_cereals,"Spring grain, green grain","Spring grain, green grain","Spring grain, green grain",1,,,
dk,234.0,"Korn/bælgsæd, grønkorn, max 50% bælgsæd","Grain and grain legumes, green grain, max 50% grain legumes",3310100000,cereal,"Cereal/legume seed, green grain, max 50% legume seed","Grains/legumes, green grains, max 50% legumes","Cereals/legume seed, green grain, max. 50% pulsed seed",1,,,
dk,235.0,"Vinterkorn, grønkorn","Winter cereals, green grains",3310198001,winter_unspecified_cereals,"Winter grains, green grains","Winter grain, spring grain","Winter grain, green grain",1,,,
dk,236.0,"Græs med kløver/lucerne, under 50 % bælgpl. (omdrift) efterårsudlagt i vinterkorn til grønkorn","Grass with clover/lucerne, less than 50% legume content (regrowth) autumn-sown in winter wheat for green grain.",3320000000,grassland_grass,"Grass with clover/alfalfa, less than 50% legumes. (rotation) autumn laid out in winter grain for green grain","Grass with clover/alfalfa, less than 50% legumes (rotation), sown in the fall for winter grain to be harvested as green grain","Grass with clover/lucerne, less than 50 per cent podpl. (rotation) autumn seeded in winter grain for green grain",1,,,
dk,237.0,"Græs med kløver/lucerne, over 50 % bælgpl. (omdrift) efterårsudlagt i vinterkorn til grønkorn","Grass with clover/lucerne, over 50% legume content (rotation) autumn-sown in winter wheat for green grain.",3310201020,peanuts,"Grass with clover/alfalfa, over 50% legumes. (rotation) autumn laid out in winter grain for green grain","Grass with clover/alfalfa, over 50% legumes (rotation), sown in the fall for winter grain and green grain","Grass with clover/lucerne, more than 50 per cent podpl. (rotation) autumn seeded in winter grain for green grain",1,,,
dk,247.0,"Miljøgræs MVJ-tilsagn (0 N), omdrift",Environmental grass AECM scheme 2 rotation,3320200000,temporary_grassland,"Miljøgræs MVJ commitment (0 N), turnover","Environmental Grass MVJ Commitment (0 N), rotation","Environmental grass MVJ commitments (0 N), rotation",0,1,,
dk,248.0,Permanent græs ved vandboring,Permanent grass by water borehole,3320100000,permanent_grassland,Permanent grass when drilling water,Permanent grass near a water well,Permanent grass when drilling for water,0,2,,1
dk,249.0,Udnyttet græs ved vandboring,Utilized grass next to water borehole,3320000000,grassland_grass,Used grass for water drilling,Grass used in water drilling,Grass used for water drilling,0,2,,1
dk,250.0,"Permanent græs, meget lavt udbytte",Permanent grass very low yield,3320100000,permanent_grassland,"Permanent grass, very low yield","Permanent grass, very low yield","Permanent grass, very low yield",1,,,
dk,251.0,"Permanent græs, lavt udbytte",Permanent grass low yield,3320100000,permanent_grassland,"Permanent grass, low yield","Permanent grass, low yield","Permanent grass, low yield",1,,,
dk,252.0,"Permanent græs, normalt udbytte",Permanent grass standard yield,3320100000,permanent_grassland,"Permanent grass, normal yield","Permanent pasture, normal yield","Permanent grass, normal yield",1,,,
dk,253.0,"Miljøgræs MVJ-tilsagn (80 N), omdrift",Environmental grass MVJ commitment (80 N) rotation,3320201000,poaceae_grasses,"Miljøgræs MVJ commitment (80 N), rotation","MVJ environmental grass commitment (80 N), rotation","Environmental grass MVJ commitments (80 N), rotation",0,1,,
dk,254.0,"Miljøgræs MVJ-tilsagn (0 N), permanent",Environmental grass MVJ commitment (0 N) permanent,3320100000,permanent_grassland,"Miljøgræs MVJ commitment (0 N), permanent","Environmental Grass MVJ Commitment (0 N), permanent","Environmental grass MVJ commitments (0 N), permanent",0,1,,
dk,255.0,"Permanent græs, under 50% kløver/lucerne",Permanent grass less than 50% clover / alfalfa,3320100000,permanent_grassland,"Permanent grass, less than 50% clover/alfalfa","Permanent pasture, less than 50% clover/alfalfa","Permanent grass, less than 50% clover/lucerne",1,,,
dk,256.0,"Permanent kløvergræs, over 50% kløver/lucerne",Permanent clover grass over 50% clover / alfalfa0,3310202030,clover,"Permanent clover grass, over 50% clover/alfalfa","Perennial clover grass, over 50% clover/alfalfa","Permanent clover grass, more than 50% clover/lucerne",1,,,
dk,257.0,Permanent græs uden kløver,Permanent grass without clover,3320100000,permanent_grassland,Permanent grass without clover,Permanent grass without clover,Permanent grass without clover,1,,,
dk,258.0,"Permanent græs, ø-støtte","Permanent grass, island support",3320100000,permanent_grassland,"Permanent grass, island support","Permanent grassland, island subsidy","Permanent grass, island support",1,,,
dk,259.0,"Permanent græs, fabrik, over 6 tons",Permanent grass factory over 6 tons,3320100000,permanent_grassland,"Permanent grass, factory, over 6 tons","Permanent pasture, farm, over 6 tons","Permanent grass, factory, more than 6 tonnes",1,,,
dk,260.0,"Kløvergræs, under 50 % kløver (omdrift)","Clover grass, less than 50% clover (rotational).",3320200000,temporary_grassland,"Clover grass, less than 50% clover (rotation)","Clover grass, less than 50% clover (rotation)","Clover grass, less than 50 per cent clover (rotation)",1,,,
dk,261.0,"Kløvergræs, over 50% kløver (omdrift)",Clover grass over 50% clover (rotation),3310202030,clover,"Clover grass, over 50% clover (rotation)","Clover grass, over 50% clover (rotation)","Clover grass, more than 50% clover (rotation)",1,,,
dk,262.0,"Lucerne, lucernegræs, over 50% lucerne (omdrift)","Alfalfa, alfalfa grass, over 50% alfalfa (rotation).",3310202010,alfalfa_lucerne,"Alfalfa, alfalfa grass, over 50% alfalfa (rotation)","Alfalfa, alfalfa grass, over 50% alfalfa (rotation)","Lucerne, lucerne grass, more than 50% lucerne (rotation)",1,,,
dk,263.0,Græs uden kløvergræs (omdrift),Grass without clover grass (rotation),3320201000,poaceae_grasses,Grass without clover (rotation),Grassland without clover (rotation),Grass without clover grass (rotation),1,,,
dk,264.0,"Græs og kløvergræs uden norm, under 50 % kløver (omdrift)",Grass and clover grass without norm below 50% clover (rotation),3320200000,temporary_grassland,"Grass and clover without norm, less than 50% clover (rotation)","Grass and clover grass without a standard, less than 50% clover (rotation)","Grass and clover grass without standard, less than 50% clover (rotation)",1,,,
dk,265.0,"Græs, slæt før vårsået afgrøde","Grass, smooth before spring-sown crop.",3320000000,grassland_grass,"Grass, plain before the spring-sown crop","Grass, mow before the spring crop is sown","Grass, roughness before spring sown crop",0,1,,
dk,266.0,"Græs under 50% kløver/lucerne, ekstremt lavt udbytte (omdrift)",Grass below 50% clover / alfalfa extremely low yield (rotation),3320200000,temporary_grassland,"Grass below 50% clover/alfalfa, extremely low yield (rotation)","Pasture with less than 50% clover/alfalfa, extremely low yield (rotation)","Grass less than 50% clover/lucerne, extremely low yield (rotation)",1,,,
dk,267.0,"Græs  under 50% kløver, meget lavt udbytte","Grass under 50% clover, very low yield.",3320000000,grassland_grass,"Grass under 50% clover, very low yield","Grass with less than 50% clover, very low yield","Grass less than 50% clover, very low yield",1,,,
dk,268.0,"Græs under 50% kløver/lucerne, lavt udbytte (omdrift)",Grass below 50% clover / alfalfa low yield (rotation),3320200000,temporary_grassland,"Grass below 50% clover/alfalfa, low yield (rotation)","Pasture with less than 50% clover/alfalfa, low yield (rotation)","Grass less than 50% clover/lucerne, low yield (rotation)",1,,,
dk,269.0,"Græs, rullegræs (omdrift)","Grass, roll grass (regrowth)",3320201070,sod_turf,"Grass, rolled grass (rotation)","Grass, rolled sod (rotational use)","Grass, rolling grass (rotation)",1,,,
dk,270.0,"Græs til udegrise, omdrift",Grass for freerange pigs rotation,3320201000,poaceae_grasses,"Grass for outdoor pigs, turnover","Grass for outdoor pigs, rotational grazing","Non-pig grass, rotation",0,1,,
dk,271.0,"Rekreative formål, arealer til","Recreational purposes, areas for",3390000000,not_known_and_other,"Recreational purposes, areas for","Recreational purposes, areas for","Recreational purposes, land for",1,,,
dk,272.0,Permanent græs til fabrik,Permanent grass for factory,3320100000,permanent_grassland,Permanent grass for factory,Permanent grass for a factory,Permanent grass to factory,1,,,
dk,273.0,Permanent lucerne til fabrik,Permanent alfalfa for factory.,3310202010,alfalfa_lucerne,Permanent alfalfa for factory,Permanent alfalfa for industrial use,Permanent lucerne to factory,1,,,
dk,274.0,"Permanent lucerne over 25% græs, til fabrik","Permanent alfalfa over 25% grass, for factory.",3310202010,alfalfa_lucerne,"Permanent alfalfa over 25% grass, for factory","Permanent alfalfa with more than 25% grass, for processing","Permanent lucerne more than 25% grass, to factory",1,,,
dk,275.0,"Rullegræs, perm. græs","Rolled grass, permanent grass",3320201070,sod_turf,"Rolling grass, perm. grass","Turf rolls, permanent turf","Rollergrass, perm. grass",0,1,,
dk,276.0,"Permanent græs og kløvergræs uden norm, under 50 % kløver",Permanent grass and clover grass without norm below 50% clover,3320100000,permanent_grassland,"Permanent grass and clover grass without norm, less than 50% clover","Permanent grass and clover grass without a standard, containing less than 50% clover","Permanent grass and clover grass without standard, less than 50% clover",1,,,
dk,277.0,Permanent kløver til fabrik,Permanent clover for factory.,3310202030,clover,Permanent clover for factory,Permanent clover for the factory,Permanent clover for factory,1,,,
dk,278.0,Permanent lucerne og lucernegræs over 50% lucerne,Permanent alfalfa and alfalfa grass over 50% alfalfa.,3310202010,alfalfa_lucerne,Permanent alfalfa and alfalfa grass over 50% alfalfa,Permanent alfalfa and alfalfa-grass mixtures containing more than 50% alfalfa,Permanent lucerne and lucerne grass more than 50% lucerne,1,,,
dk,279.0,Permanent kløvergræs til fabrik,Permanent clover grass for factory,3310202030,clover,Permanent clover grass for factory,Permanent clover grass for industrial use,Permanent clover grass for factory,1,,,
dk,280.0,Fodersukkerroer,Sugar beet for fodder,3310719020,mangelwurzel_beets,Fodder sugar beet,Sugar beets for animal feed,Fodder sugar beet,1,,,
dk,281.0,Kålroer,Swedes,3310715070,swede_rutabaga,Turnips,Turnips,Swedes,0,1,,
dk,282.0,Fodermarvkål,Marrow stem kale,3310707090,kale,Fodder marrow cabbage,Feed cabbage,Basil and edible flowers,0,1,,
dk,283.0,Fodergulerødder,Fodder carrots,3310715020,carrots_daucus,Fodder carrots,Feed carrots,Carobs/Saint John's breads,0,1,,
dk,284.0,"Græs med vikke og andre bælgplanter, under 50 % bælgpl.",Grass with vetches and other legumes less than 50% legumes,3320200000,temporary_grassland,"Grass with vetch and other leguminous plants, less than 50% legume.","Grassland with vetch and other legumes, less than 50% legumes","Grass with weeds and other legumes, less than 50 per cent podpl.",0,1,,
dk,285.0,"Græs og kløvergræs uden norm, over 50 % kløver (omdrift)",Grass and clover grass without norm over 50% clover (rotation),3310202030,clover,"Grass and clover grass without norm, more than 50% clover (rotation)","Grass and clover grass without a standard, over 50% clover (rotation)","Grass and clover grass without standard, more than 50% clover (rotation)",1,,,
dk,286.0,"Permanent græs og kløvergræs uden norm, over 50 % kløver",Permanent grass and clover grass without norm over 50% clover,3310202030,clover,"Permanent grass and clover grass without norm, over 50% clover","Permanent grass and clover grass without a standard, containing more than 50% clover","Permanent grass and clover grass without standard, more than 50% clover",1,,,
dk,287.0,"Græs til udegrise, permanent",Grass for outdoor pigs permanent,3320100000,permanent_grassland,"Grass for outdoor pigs, permanent","Grass for outdoor pigs, permanent","Grass for pork, permanent",1,,,
dk,300.0,Unknown,unknown,3390000000,not_known_and_other,Unknown,Unknown,Unknown,1,,,
dk,305.0,"Permanent græs, uden udbetaling af økologi-tilskud",Permanent grass without payment of ecological subsidies,3320100000,permanent_grassland,"Permanent grass, without payment of organic subsidy","Permanent grassland, without organic subsidies","Permanent grass, without payment of ecological subsidies",1,,,
dk,306.0,"Græs i omdrift, uden udbetaling af økologi-tilskud",Grass in rotation without payment of organic subsidies,3320201000,poaceae_grasses,"Grass in rotation, without payment of organic subsidy","Grass in rotation, without organic subsidies","Yield grass, without payment of ecological subsidies",0,1,,
dk,308.0,MFO-Slåningsbrak,MFO-Mowning fallow,3311100000,fallow_land_not_crop,MFO-Slåningsbrak,MFO Fallow Land,MFO-Slancing Brackets,0,3,,1
dk,309.0,Udyrket areal ved vandboring,Uncultivated area next to water boreholes,3390000000,not_known_and_other,Uncultivated area by water drilling,Uncultivated land near a water well,Uncultivated surface area for water drilling,1,,,
dk,310.0,Udyrkede landbrugsarealer,Uncultivated agricultural areas,3310000000,arable_crops,Uncultivated agricultural land,Uncultivated agricultural land,Uncultivated agricultural land,1,,,
dk,311.0,Skovrejsning på tidl. landbrugsjord 1,Forest establisment on formerly farmland 1,3360100000,afforestation_reforestation,Afforestation on former agricultural land 1,Afforestation on former farmland 1,Afforestation of the past. agricultural land 1,1,,,
dk,312.0,20-årig udtagning,20-year set aside,3370000000,unmaintained,20-year withdrawal,20-year-old selected,20-year set-aside,0,1,,
dk,313.0,20-årig udtagning af agerjord med frivillig skovrejsning,20-year set-aside of arable land with voluntary afforestation,3360100000,afforestation_reforestation,20-year removal of arable land with voluntary afforestation,20-year conversion of farmland to forest through voluntary afforestation,20-year set-aside of arable land with voluntary afforestation,1,,,
dk,314.0,20-årig udtagning med tilsagn om skovrejsning fra NST,20-year set-aside with afforestation commitment from NST,3360100000,afforestation_reforestation,20-year extraction with commitment to afforestation from NST,20-year land set-aside with a commitment to afforestation from NST,20-year set-aside with commitment to afforestation from the NST,1,,,
dk,315.0,Miljøgræs brugt som udtagning,Environmental grass used as set-aside,3320000000,grassland_grass,Environmental grass used as extraction,Environmental grass used as a buffer zone,Environmental grass used as set-aside,1,,,
dk,316.0,Vådområder eller lavbundsjorde med udtagning,Wetlands or low-lying soils with set-aside,3390000000,not_known_and_other,Wetlands or low-lying soils with extraction,Wetlands or low-lying lands subject to extraction,Wetlands or low bottom soils with set-aside,1,,,
dk,317.0,Vådområder brugt som udtagning,Wetlands used as set-aside,3390000000,not_known_and_other,Wetlands used as abstraction,Wetlands used for extraction,Wetlands used as set-aside,1,,,
dk,318.0,"MVJ ej udtagning, ej landbrugsjord","MVJ no set-aside, non-agricultural land",3390000000,not_known_and_other,"MVJ no extraction, not agricultural land","MVJ: not designated for development, not agricultural land","MVJ not set aside, not agricultural land",1,,,
dk,319.0,"MVJ udtagning, ej landbrugsjord","MVJ set-aside, non-agricultural land",3390000000,not_known_and_other,"MVJ extraction, not agricultural land","MVJ extraction, non-agricultural land",MVJ set-aside other than agricultural land,1,,,
dk,320.0,Braklagte randzoner,"Fallow land, edge zones",3311100000,fallow_land_not_crop,Fallen marginal zones,Defendant Randzoner,Set-aside peripheral zones,0,1,,
dk,321.0,"Miljøtiltag, ej landbrugsarealer",Environmental measures not agricultural land,3390000000,not_known_and_other,"Environmental measures, not agricultural areas","Environmental measures, excluding agricultural land",Environmental measures other than agricultural land,1,,,
dk,322.0,"Minivådområder, projekttilsagn",Mini-wetlands with project scheme,3390000000,not_known_and_other,"Mini-wetlands, project commitments","Small wetlands, project commitments","Small areas, project commitments",0,1,,
dk,323.0,MFO-udyrket areal ved vandboring,EFA-Uncultivated area next to water boreholes,3390000000,not_known_and_other,MFO uncultivated area by water drilling,Uncultivated land near a water well,MFO uncultivated water-borrowing area,1,,,
dk,324.0,Blomsterbrak,Fallow with flowers,3311100000,fallow_land_not_crop,Flower fallow,Flowering fallow,Flowering brassica,0,1,,
dk,325.0,MFO-Blomsterbrak,EFA-fallow with flowers,3311100000,fallow_land_not_crop,MFO-Flower fallow,MFO Flower Bed,MFO Flower Bracket,0,1,,
dk,326.0,"Ej landbrug, MSO, omlagt fra permanent græs",Environmental sensitive permanent grassland converted into non-agricultural area,3390000000,not_known_and_other,"Non-farming, MSO, converted from permanent grass","Non-agricultural land, MSO, converted from permanent grassland","No farming, MSO, converted from permanent grass",1,,,
dk,327.0,"Markbræmme, på omdrift, sommerslåning","Field strip, rotational, summer mowing",3390000000,not_known_and_other,"Field edge, on rotation, summer mowing","Field margin, on rotation, summer mowing","Markbæmme, on rotation, summer sling",0,1,,
dk,328.0,"Markbræmme, på omdrift, med blomsterblanding","Field strip, rotational, with flower mix",3310800000,flowers_ornamental_plants,"Field border, on rotation, with flower mix","Field margin, on rotation, with a mix of flowers","Turntables, with flower mix",0,1,,
dk,329.0,"MFO-bræmme, miljøtilsagn",EFA-field margins with environmental scheme,3390000000,not_known_and_other,"MFO border, environmental commitment","MFO border, environmental commitment","MFO boards, environmental commitments",0,1,,
dk,334.0,"Markbræmme, på omdrift, forårsslåning","Field strip, rotational, spring mowing",3390000000,not_known_and_other,"Field harrow, on rotation, spring mowing","Field margin, on rotation, spring mowing","Markbæmme, on rotation, spring mowing",0,1,,
dk,335.0,"MFO-bræmme, permanent græs, forårsslåning",EFA edge permanent grass spring mowing,3320100000,permanent_grassland,"MFO border, permanent grass, spring mowing","MFO buffer strip, permanent grass, spring mowing","MFO strips, permanent grass, spring mowing",1,,,
dk,336.0,"MFO-bræmme, permanent græs, sommerslåning",EFA edge permanent grass summer mowing,3320100000,permanent_grassland,"MFO border, permanent grass, summer mowing","MFO strip, permanent grass, summer mowing","MFO strips, permanent grass, summer mowing",1,,,
dk,337.0,"MFO-bræmme, permanent græs, miljøtilsagn","MFO-edge, permanent grass, environmental commitment",3320100000,permanent_grassland,"MFO curb, permanent grass, environmental commitment","MFO buffer strip, permanent grassland, environmental commitment","MFO strips, permanent grass, environmental commitments",1,,,
dk,338.0,"Brak, forårsslåning",Fallow spring mowing,3311100000,fallow_land_not_crop,"Fallow, spring mowing","Fallow land, spring mowing","Brackets, spring slings",0,1,,
dk,339.0,"MFO-brak, forårsslåning",EFA fallow spring mowing,3311100000,fallow_land_not_crop,"MFO fallow, spring mowing","MFO fallow, spring mowing","MFO set-aside, spring sling",0,1,,
dk,340.0,Randzoneordning uden udtagning,Marginal zone scheme without set-aside,3390000000,not_known_and_other,Marginal zone scheme without withdrawal,Buffer zone scheme without set-aside,Random Zone Scheme without set-aside,0,1,,
dk,341.0,Randzoneordning  med udtagning,Marginal zone scheme with set-aside,3390000000,not_known_and_other,Marginal zone scheme with withdrawal,Buffer zone scheme with set-aside,Randzone set-aside scheme,0,1,,
dk,342.0,Bestøverbrak,Pollen fallow,3311100000,fallow_land_not_crop,Pollinator fallow,Pollinator Break,Furnace pits,0,1,,
dk,343.0,MFO-bestøverbrak,EFA-fallow for melliferous plants,3311100000,fallow_land_not_crop,MFO pollinator fallow,MFO pollinator break,MFO pollinator brackish,0,1,,
dk,344.0,"Brak langs vandløb og søer, forårsslåning (alternativ til efterafgrøder)","Fallow land along streams and lakes, summer mowing (alternative to catch crops)",3311100000,fallow_land_not_crop,"Fallow land along streams and lakes, spring mowing (alternative to fallow crops)","Fallow land along streams and lakes, spring mowing (an alternative to cover crops)","Fallow along watercourses and lakes, spring logging (alternative to catch crops)",1,,,
dk,345.0,"Brak langs vandløb og søer, sommerslåning (alternativ til efterafgrøder)","Fallow land along streams and lakes, summer mowing (alternative to catch crops)",3311100000,fallow_land_not_crop,"Fallow land along streams and lakes, summer mowing (alternative to fallow crops)","Fallow land along streams and lakes, summer mowing (an alternative to cover crops)","Brackets along watercourses and lakes, summer slings (alternative to catch crops)",0,1,,
dk,346.0,"Brak, sommerslåning (til målrettet kvælstofregulering)","Fallow land, summer mowing (for targeted nitrogen regulation)",3311100000,fallow_land_not_crop,"Fallow, summer mowing (for targeted nitrogen regulation)","Fallow, summer mowing (for targeted nitrogen management)","Brackets, summer slings (targeted nitrogen regulation)",0,1,,
dk,347.0,"Brak, forårsslåning (til målrettet kvælstofregulering)","Fallow land, spring mowing (for targeted nitrogen regulation)",3311100000,fallow_land_not_crop,"Fallow, spring mowing (for targeted nitrogen regulation)","Fallow, spring mowing (for targeted nitrogen management)","Brackets, spring slings (targeted nitrogen regulation)",0,1,,
dk,348.0,"Brak langs vandløb og søer, forårsslåning (til målrettet kvælstofregulering)","Fallow land along streams and lakes, summer mowing (for targeted nitrogen regulation)",3311100000,fallow_land_not_crop,"Fallows along streams and lakes, spring mowing (for targeted nitrogen regulation)",Fallow land along watercourses and lakes; spring mowing (for targeted nitrogen management),"Brackets along watercourses and lakes, spring slings (targeted nitrogen regulation)",0,1,,
dk,349.0,"Brak langs vandløb og søer, sommerslåning (til målrettet kvælstofregulering)","Fallow land along streams and lakes, summer mowing (for targeted nitrogen regulation)",3311100000,fallow_land_not_crop,"Fallow land along streams and lakes, summer mowing (for targeted nitrogen regulation)",Fallow land along watercourses and lakes; summer mowing (for targeted nitrogen management),"Brackets along watercourses and lakes, summer slings (targeted nitrogen regulation)",0,1,,
dk,350.0,Miljøgræs med N-kvote,Environmental grass with N quota,3320000000,grassland_grass,Environmental grass with N quota,Environmental grass with an N quota,Environmental grass with N quota,1,,,
dk,360.0,Vildtafgrøder,Wildlife crops,3319900000,other_arable_land_crops,Game crops,Game crops,Wild crops,1,,,
dk,361.0,Ikke støtteberettiget landbrugsareal,Farmland not warranted for subsidies,3310000000,arable_crops,Agricultural land not eligible for support,Agricultural land not eligible for support,Not eligible agricultural area,1,,,
dk,400.0,Asieagurker,Gherkin,3310702010,cucumber_pickle,Asian cucumbers,Asian cucumbers,Gherkins,0,1,,
dk,401.0,Asparges,Asparagus,3310706000,asparagus,Asparagus,Asparagus,Beans (without pods),0,1,,
dk,402.0,Bladselleri,Celery leaves,3310711020,leaf_celery,Celery leaf,Celery,Celery,1,,,
dk,403.0,Blomkål,Cauliflower,3310707050,cauliflower,Cauliflower,Cauliflower,Cauliflower,1,,,
dk,404.0,Broccoli,Broccoli,3310707030,broccoli,Broccoli,Broccoli,Broccoli,1,,,
dk,405.0,"Courgette, squash",Courgette squash,3310702060,zucchini_courgette,"Zucchini, squash","Zucchini, squash","Courgettes, squash",1,,,
dk,406.0,Grønkål,Kale,3310707090,kale,Kale,Kale,Kale,1,,,
dk,407.0,Gulerod,Carrot,3310715020,carrots_daucus,Carrot,Carrot,Carrot,1,,,
dk,408.0,Hvidkål,White cabbage,3310707130,white_cabbage,White cabbage,White cabbage,White cabbages,1,,,
dk,409.0,Kinakål,Chinese cabbage,3310707060,chinese_cabbage,Chinese cabbage,Chinese cabbage,Chinese cabbage,1,,,
dk,410.0,Knoldselleri,Celeriac,3310711010,celeriac,Celery,Celeriac,Celeriac,0,1,,
dk,411.0,Løg,Onion,3310708040,onions,Onion,Onions,sweet peppers/bell peppers (bell peppers/bell peppers/bell peppers/bell peppers/bell peppers/bell peppers/bell peppers/bell peppers/bell peppers/bell peppers/bell peppers/bell peppers/bell peppers/bell peppers/bell peppers/bell peppers/bell peppers/bell peppers/bell peppers/bell peppers/bell peppers/bell peppers/bell peppers/bell peppers/bell peppers/bell peppers/bell peppers/bell peppers/bell peppers/bell peppers/bell peppers/bell peppers/bell peppers/bell peppers/bell peppers/bell peppers/bell peppers/bell peppers/bell peppers/bell peppers/bell peppers/bell peppers/bell peppers/bell,0,1,,
dk,412.0,Pastinak,Parsnip,3310715030,parsnips,Parsnip,Parsnip,Parsnips,1,,,
dk,413.0,Rodpersille,Parsley root,3310612270,parsley,Root parsley,Parsley root,Root parsley,1,,,
dk,415.0,Porre,Leek,3310708030,leek,Leek,Place,Leek,0,1,,
dk,416.0,Rosenkål,Brussel sprouts,3310707040,brussels_sprouts,Brussels sprouts,Brussels sprouts,Brussels sprouts,1,,,
dk,417.0,Rødbede,Beetroot,3310719020,mangelwurzel_beets,Beetroot,Beetroot,Beetroot,1,,,
dk,418.0,Rødkål,Red cabbage,3310707110,red_cabbage,Red cabbage,Red cabbage,Red cabbage,1,,,
dk,420.0,Salat (friland),Salad (outdoor),3310717000,salads_lettuce_leaf_vegetables,Salad (free range),Lettuce (grown outdoors),Lettuce (open air),1,,,
dk,421.0,"Savoykål, spidskål",Savoy cabbage oxheart cabbag,3310707120,savoy_cabbage,"Savoy cabbage, scallions","Savoy cabbage, pointed cabbage","Savoy cabbage, cauliflower",0,1,,
dk,422.0,Spinat,Spinach,3310717070,spinach,Spinach,Spinach,Spinach,1,,,
dk,423.0,Sukkermajs,Sweet corn,3310106000,maize_corn_popcorn,Sweet corn,Sweet corn,Sweet corn,1,,,
dk,424.0,"Ærter, konsum",Peas consumption,3310201080,peas,"Peas, edible","Peas, for human consumption","Peas, human consumption",1,,,
dk,426.0,"Bønner, andre","Beans, other.",3310201010,beans,"Beans, others","Beans, other","Beans, other",1,,,
dk,429.0,"Jordskokker, konsum",Jerusalem artichokes comsumption,3310705000,topinambur_jerusalem_artichoke,"Jerusalem artichokes, edible","Jerusalem artichokes, for consumption","Jerusalem artichokes, human consumption",1,,,
dk,430.0,Bladpersille,Parsley,3310612270,parsley,Leaf parsley,Flat-leaf parsley,Leafy parsley,1,,,
dk,431.0,Purløg,Chives,3310708010,chives,Chives,Chives,Chives,1,,,
dk,432.0,"Krydderurter, støtteberettigede","Herbs, eligible",3310612000,aromatic_medicinal_culinary_plants_spices_herbs,"Herbs, eligible","Herbs, eligible for support",Herbs eligible for aid,1,,,
dk,433.0,"Krydderurter, andre","Herbs, other",3310612000,aromatic_medicinal_culinary_plants_spices_herbs,"Herbs, others","Herbs, other","Herbs, others",1,,,
dk,434.0,"Grøntsager, andre (friland)",Vegetables other (outdoor),3310700000,fresh_vegetables,"Vegetables, other (free range)","Vegetables, other (open-field)","Vegetables, other (open air)",1,,,
dk,440.0,Solhat,Rudbeckia,3310838000,rudbeckia,Sun hat,Sun hat,Solhat,0,1,,
dk,448.0,"Medicinpl., en- og toårige.",Medicinal plants annual and biennial,3310612000,aromatic_medicinal_culinary_plants_spices_herbs,"Medicinpl., one- and two-year-olds.","Pharmacy program, one- and two-year programs.","Medicine, one- and two-year-olds.",1,,,
dk,449.0,"Medicinpl., stauder og vedplanter","Medicinal plants, perennials, and woody plants.",3310612000,aromatic_medicinal_culinary_plants_spices_herbs,"Medicinal plants, perennials and woody plants","Medicinal plants, perennials, and woody plants","Medications, perennials and implants",1,,,
dk,450.0,"Grøntsager, andre","Vegetables, other",3310700000,fresh_vegetables,"Vegetables, others","Vegetables, other","Vegetables, other",1,,,
dk,452.0,Unknown,unknown,3390000000,not_known_and_other,Unknown,Unknown,Unknown,1,,,
dk,482.0,Skovlandbrug med permanent græs,Agriculture forestry with permanent grass,3360000000,tree_wood_forest,Forestry with permanent grass,Forestry with permanent grassland,Forest farms with permanent grass,1,,,
dk,483.0,Skovlandbrug med græs i omdrift,Agriculture forestry with grass in rotation,3360000000,tree_wood_forest,Forestry with grass in rotation,Forestry with grass in rotation,Crop rotational forest farming,1,,,
dk,484.0,Skovlandbrug med omdriftsafgrøder,Agriculture forestry with rotational crops,3360000000,tree_wood_forest,Forestry with rotational crops,Forestry with rotation crops,Forests with rotational crops,1,,,
dk,485.0,Skovlandbrug med permanente afgrøder,Agriculture forestry with permanent crops,3360000000,tree_wood_forest,Forestry with permanent crops,Forestry with permanent crops,Forest farms with permanent crops,1,,,
dk,486.0,Hønsegård uden plantedække,Henyard with bare soil,3390000000,not_known_and_other,Chicken coop without plant cover,Chicken coop without ground cover,Chicken farm without plant cover,1,,,
dk,487.0,"Skovlandbrug, ikke støtteberettiget","Agriculture forestry, not eligible for support",3360000000,tree_wood_forest,"Forestry, not eligible for support","Forestry, not eligible for support",Forest farming not eligible,1,,,
dk,488.0,"Hønsegård, permanent græs",Henyard permanent grass,3320100000,permanent_grassland,"Chicken coop, permanent grass","Chicken coop, permanent pasture","Chicken farm, permanent grass",1,,,
dk,489.0,Havtorn,Sea buckthorn,3330208000,hippophae_sea_buckthorns_seaberry,Sea buckthorn,Sea buckthorn,Sea buckthorn,1,,,
dk,490.0,"Hassel, træ (Corylus avellana)","Hazel, tree (Corylus avellana)",3330302000,hazelnuts_hazel,"Hazel, tree (Corylus avellana)","Hazel, tree (Corylus avellana)","Hassel, wood (Corylus avellana)",1,,,
dk,491.0,Storfrugtet tranebær,Large-fruited cranberry,3330204020,cranberry,Large-fruited cranberry,Large-fruited cranberry,"Currants (black, red and white)",0,1,,
dk,493.0,Surbær,Black chokeberry,3330201000,aronia_chokeberries,Sour berries,On-the-go,"Currants (black, red and white)",0,3,,1
dk,494.0,Japan kvæde,Japan quince,3330115000,quinces,Japanese quince,Japanese quince,Japan Quake,0,1,,
dk,495.0,Morbær,Mulberry,3330299000,other_berries_berry_species,Mulberry,Mulberry,Mulberries,1,,,
dk,496.0,"Medicinpl., vedplanter","Medicinal plants, cultivated plants.",3310612000,aromatic_medicinal_culinary_plants_spices_herbs,"Medicinal plants, woody plants","Medicinal plants, woody plants","Medicinal product subject to medical prescription, implants",0,1,,
dk,497.0,"Planteskolekulturer, vedplanter, til videresalg",Nursery cultivation arboreal plants for sale,3330700000,nurseries_nursery,"Nursery cultures, woody plants, for resale","Nursery stock, firewood, for resale","Vegetable seedlings, seedlings, for resale",0,1,,
dk,498.0,"Containerplads 4, vedplanter","Container space 4, woody plants",3360000000,tree_wood_forest,"Container space 4, trees","Container Area 4, Shrubs","Container space 4, seedlings",0,1,,
dk,499.0,"Lukket system 3, vedplanter","Closed system 3, woody plants",3360000000,tree_wood_forest,"Closed system 3, wood plants","Closed system 3, woody plants","Closed system 3, seedlings",0,1,,
dk,500.0,Buske og træer,Shrubs and trees,3360000000,tree_wood_forest,Shrubs and trees,Shrubs and trees,shrubs and trees,1,,,
dk,501.0,Stauder,Perennial,3330000000,permanent_crops_perennial,Perennials,Perennials,Perennials,1,,,
dk,502.0,Blomsterløg,Flower bulbs,3310800000,flowers_ornamental_plants,Flower bulbs,Flower bulbs,Flower bulbs,1,,,
dk,503.0,En- og to-årige planter,Annual and biennial plants,3310000000,arable_crops,One- and two-year plants,One- and two-year-old plants,One- and two-year-old plants,1,,,
dk,504.0,"Solbær, stiklingeopformering",Blackcurrant multiplication by cutting,3330206010,blackcurrant_cassis,"Currant, cuttings propagation","Blackcurrants, propagation by cuttings","Currants, gherkins, propagating material",0,1,,
dk,505.0,"Ribs, stiklingeopformering","Currants, cutting propagation",3330206000,ribes,"Currant, cuttings propagation","Ribs, propagation by cuttings","Ribs, cuttings and cuttings",0,1,,
dk,506.0,"Stikkelsbær, stiklingeopformering",Gooseberries multiplication by cutting,3330206030,gooseberry_gooseberries,"Gooseberry, cuttings propagation","Gooseberries, propagation by cuttings","Gooseberries, gherkins, propagating material",0,1,,
dk,507.0,"Hindbær, stiklingeopformering",Raspberries multiplication by cutting,3330202020,raspberry_raspberries,"Raspberries, cuttings propagation","Raspberries, propagation by cuttings","Raspberries, gherkins, propagating material",0,1,,
dk,508.0,"Tyttebær, tranebær o","lingonberry, Cranberry",3330204000,vaccinium,"Cranberries, cranberries etc","Lingonberries, cranberries, and",Cranberries o,0,1,,
dk,509.0,Trækvæde,Quince,3330115000,quinces,Traction wetness,Wooden board,Traction weeds,0,3,,1
dk,510.0,Melon.,melon,3310702030,melon,Melon.,Melon.,Melon.,1,,,
dk,511.0,Græskar.,Pumpkin.,3310702040,pumpkin_squash_gourd,Pumpkin.,Pumpkin.,Pumpkins.,1,,,
dk,512.0,Rabarber,Rhubarb,3310709000,rhubarb,Rhubarb,Rhubarb,Rhubarb,1,,,
dk,513.0,Jordbær,Strawberry,3310701000,strawberries,Strawberry,Strawberries,Strawberries,1,,,
dk,514.0,Solbær,Blackcurrant,3330206010,blackcurrant_cassis,Currant,Blackcurrant,"Currants (black, red and white)",0,1,,
dk,515.0,Ribs,Red currant,3330206020,redcurrant,Currants,Ribs,Ribs,0,1,,
dk,516.0,Stikkelsbær,Gooseberry,3330206030,gooseberry_gooseberries,Gooseberry,Gooseberries,Gooseberries,1,,,
dk,517.0,Brombær,Blackberry,3330202010,blackberry,Blackberry,Blackberries,Blackberries,1,,,
dk,518.0,Hindbær,Raspberry,3330202020,raspberry_raspberries,Raspberry,Raspberries,Raspberries,1,,,
dk,519.0,Blåbær,Blueberry,3330204010,blueberry,Blueberry,Blueberries,Blueberries,1,,,
dk,520.0,Surkirsebær uden undervækst af græs,Sour cherry without undergrowth of grass,3330104000,cherry_cherries,Sour cherries without undergrowth of grass,Sour cherries without grass undergrowth,Sour cherries without undergrowth of grass,1,,,
dk,521.0,Surkirsebær med undervækst af græs,Sour cherry with undergrowth of grass,3330104000,cherry_cherries,Sour cherries with undergrowth of grass,Sour cherries with grass growing beneath them,Sour cherries with grass undergrowth,1,,,
dk,522.0,"Blomme, uden undervækst",Plum without undergrowth,3330113000,plums,"Plum, without undergrowth","Plum, without undergrowth","Plum, not undergrowth",1,,,
dk,523.0,Blomme med undervækst af græs,Plum with undergrowth of grass,3330113000,plums,Plum with undergrowth of grass,Plum tree with undersown grass,Plum with grass undergrowth,1,,,
dk,524.0,Sødkirsebær uden undervækst af græs,Sweet cherry without undergrowth of grass,3330104000,cherry_cherries,Sweet cherries without undergrowth of grass,Sweet cherries without grass undergrowth,Sweet cherries without undergrowth of grass,1,,,
dk,525.0,Sødkirsebær med undervækst af græs,Sweet cherry with undergrowth of grass,3330104000,cherry_cherries,Sweet cherry with undergrowth of grass,Sweet cherries with grass growing beneath them,Sweet cherries with grass undergrowth,1,,,
dk,526.0,Hyld,Elder,3330804000,elder_elderberry,Shelf,Elderberry,Elder,0,1,,
dk,527.0,Hassel (Corylus maxima),Hazel (Corylus maxima),3330302000,hazelnuts_hazel,Hazel (Corylus maxima),Hazel (Corylus maxima),Hassel (Corylusmaxima),0,1,,
dk,528.0,Æbler,Apples,3330102000,apples,Apples,Apples,Apples,1,,,
dk,529.0,Pærer,Pear,3330112000,pears,Bulbs,Light bulbs,Pears,0,3,Same word as bulbs,1
dk,530.0,Vindruer,Grapes,3330600000,vineyards_wine_vine_rebland_grapes,Grapes,Grapes,Grapes,1,,,
dk,531.0,Anden træfrugt,Other tree fruit,3330100000,orchards_fruits,Other tree fruit,Other tree fruits,Other tree fruit,1,,,
dk,532.0,Anden buskfrugt.,Other shrub fruit,3330800000,shrubberries_shrubs,Other bush fruit.,Other berry fruits.,Other shrubs.,1,,,
dk,533.0,Rønnebær,Rowanberries,3330213000,rowan_rowanberries,Rowan berries,Rowan berries,"Currants (black, red and white)",0,1,,
dk,534.0,Hyben,Rose hip,3310837000,roses,The rose hip,Rose hips,Rose hips,1,,,
dk,535.0,Bærmispel,Amelanchier,3330101000,amelanchier_serviceberry,Berry medlar,Serviceberry,Celeriacs/turnip rooted celeries,0,3,,1
dk,536.0,Spisedruer,Food grape,3330600000,vineyards_wine_vine_rebland_grapes,Table grapes,Table grapes,Table grapes,1,,,
dk,537.0,Valnød (almindelig),Walnut common,3330306000,walnuts,Walnut (regular),Walnut (common),Walnut (common),1,,,
dk,538.0,Kastanje (ægte),Chestnut sweet,3330305000,sweet_chestnuts,Chestnut (real),Chestnut (true),Chestnut (true),1,,,
dk,539.0,Blandet støtteberettiget frugt,Mixed eligible fruit,3330100000,orchards_fruits,Mixed eligible fruit,Mixed eligible fruit,Mixed eligible fruit,1,,,
dk,540.0,Tomater,Tomatoes,3310714000,tomato,Tomatoes,Tomatoes,Tomatoes,1,,,
dk,541.0,Agurker,Cucumbers,3310702010,cucumber_pickle,Cucumbers,Cucumbers,Cucumbers,1,,,
dk,542.0,Salat (drivhus),Lettuce (greenhouse),3350000000,greenhouse_foil_film,Lettuce (greenhouse),Lettuce (greenhouse),Lettuce (greenhouse),1,,,
dk,543.0,"Grøntsager, andre (drivhus)",Vegetables other (greenhouse),3350000000,greenhouse_foil_film,"Vegetables, other (greenhouse)","Vegetables, other (greenhouse)","Vegetables, other (greenhouse)",1,,,
dk,544.0,Snitblomster og snitgrønt,Cut flowers and foliage,3310800000,flowers_ornamental_plants,Cut flowers and cut greens,Cut flowers and cut foliage,Cut flowers and cut green,1,,,
dk,545.0,Potteplanter,Houseplants,3310800000,flowers_ornamental_plants,Potted plants,Houseplants,Potted plants,1,,,
dk,547.0,Planteskolekulturer (stauder og vedpl.),Nursery crops Perennial plants and woody plants.,3330700000,nurseries_nursery,Nursery cultures (perennials and woody plants),Nursery-grown plants (perennials and woody plants),Plant-school cultures (students and app.),0,1,,
dk,548.0,Småplanter (en-årige),Seedlings annuals,3311000000,seed_seedlings,Seedlings (annuals),Seedlings (annuals),Small plants (one-year-old),0,1,,
dk,549.0,Lukket system 1 (en-årige),Closed system 1 (annual),3310000000,arable_crops,Closed system 1 (one-year),Closed system 1 (first-year students),Closed system 1 (one-year-old),1,,,
dk,550.0,Lukket system 2 (stauder og vedpl.),Closed system 2 (perennials and woody plants),3330000000,permanent_crops_perennial,Closed system 2 (perennials and wood),Closed system 2 (perennials and woody plants),Closed system 2 (staudes and attachments),1,,,
dk,551.0,Moskusgræskar,Pumpkins,3310702040,pumpkin_squash_gourd,Musk gourd,Butternut squash,Gherkins,0,3,Specific pumpkins,1
dk,552.0,Mandelgræskar,Garden pumpkin,3310702040,pumpkin_squash_gourd,Almond pumpkin,Butternut squash,Mulberries (black and white),0,3,Specific pumpkins,1
dk,553.0,Centnergræskar,Giant pumpkin,3310702040,pumpkin_squash_gourd,Centner pumpkin,Hundred-pound pumpkin,Turmeric/curcuma,0,3,Specific pumpkins,1
dk,559.0,Unknown,unknown,3390000000,not_known_and_other,Unknown,Unknown,Unknown,1,,,
dk,560.0,Containerplads 1 (frugtbuske),Container space 1 (fruit bush),3330100000,orchards_fruits,Container space 1 (fruit bushes),Container Area 1 (fruit bushes),Container space 1 (fruit shrubs),1,,,
dk,561.0,Containerplads 2 (en-årige),Container space 2 (annual),3310000000,arable_crops,Container space 2 (one-year-olds),Container Area 2 (first-year students),Container space 2 (one-year-old),1,,,
dk,562.0,Containerplads 3 (stauder og vedpl.),Container Space 3 (perennials and shrubs),3330000000,permanent_crops_perennial,Container space 3 (perennials and firewood),Container Area 3 (perennials and woody plants),Container space 3 (sauder og vedpl.),0,1,,
dk,563.0,"Svampe, champignon",Mushrooms champignon,3349900000,other_mushrooms,"Mushrooms, mushrooms","Mushrooms, button mushrooms","Mushrooms, mushrooms",1,,,
dk,564.0,Containerplads,Container area,3390000000,not_known_and_other,Container space,Container yard,Container space,1,,,
dk,565.0,"Skovrejsning, direktivimplementerende uden tilsagn ved Landbrugsstyrelsen","Afforestation, directive implementing without commitment by the Danish Agricultural Agency",3360100000,afforestation_reforestation,"Reforestation, implementing the directive without a commitment from the Danish Agency for Agriculture","Afforestation, implementation of directives without a commitment from the Danish Agricultural Agency","Afforestation, Directiveimplementing without undertaking by the Danish Agricultural Authority",1,,,
dk,566.0,"Klimaskovrejsning, national ordning ej Landbrugsstyrelsen","Climate afforestation, national scheme not the Danish Agricultural Agency",3360100000,afforestation_reforestation,"Climate forestry, national scheme not the National Board of Agriculture","Climate Forest Planting, National Program (not administered by the Danish Agricultural Agency)","Climate reforestation, national scheme not the Danish Agricultural Authority",0,1,,
dk,570.0,Humle,Hops,3310602000,hops,Hops,Hops,Hops,1,,,
dk,575.0,Skovrejsning (privat) ? kulstofbinding og grundvandsbeskyttelse,Afforestation (private) ? carbon sequestration and groundwater protection,3360100000,afforestation_reforestation,Forestry (private) ? carbon sequestration and groundwater protection,Afforestation (private) ? carbon sequestration and groundwater protection,Afforestation (private) ? carbon binding and groundwater protection;,1,,,
dk,576.0,Skovrejsning (statslig) - forbedring af vandmiljø og grundvandsbeskyttelse,Afforestation - the improvement of aquatic environment and groundwater protection,3360100000,afforestation_reforestation,Afforestation (state) - improvement of water environment and groundwater protection,Afforestation (government-sponsored) – improvement of the aquatic environment and groundwater protection,Afforestation (State) - Improvement of the aquatic environment and groundwater protection,1,,,
dk,577.0,Skov med biodiversitetsformål,Forest for biodiversity purposes,3360000000,tree_wood_forest,Forest with biodiversity purposes,Forest designated for biodiversity conservation,Forests for biodiversity purposes,1,,,
dk,578.0,Skovrejsning (privat) - forbedring af vandmiljø og grundvandsbeskyttelse,Afforestation (private) - improvement of aquatic environment and groundwater protection,3360100000,afforestation_reforestation,Afforestation (private) - improvement of the water environment and groundwater protection,Afforestation (private) – improvement of the aquatic environment and groundwater protection,Afforestation (private) - improvement of the aquatic environment and groundwater protection,1,,,
dk,579.0,"Tagetes, sygdomssanerende plante",African marigold,3310612100,calendula_marigold,"Tagetes, disease-remedial plant","Marigold, a plant that helps purify the air","Tagetes, disease-sanitary plant",1,,,
dk,580.0,"Skovdrift, alm.",Forestry common,3360000000,tree_wood_forest,"Forestry, general","Forestry, general","Forest management, alm.",1,,,
dk,581.0,Nyplantning i skov med træhøjde under 3 m,Afforestation with treehight below 3 m,3360100000,afforestation_reforestation,New planting in forest with tree height below 3 m,Reforestation in forests with tree heights under 3 m,New planting in forest with a tree height of less than 3 m,1,,,
dk,582.0,"Pyntegrønt, økologisk jordbrug",Ornamental green branches organic farming,3360000000,tree_wood_forest,"Ornamental green, organic farming","Ornamental foliage, organic farming","Ornamental green, organic farming",1,,,
dk,583.0,Juletræer og pyntegrønt på landbrugsjord,Christmas trees and ornamental greenery on agricultural land,3360900000,conifers,Christmas trees and ornamental greenery on farmland,Christmas trees and decorative greenery on farmland,Christmas trees and ornamental green on farmland,1,,,
dk,584.0,Juletræer og pyntegrønt i fredskov,Christmas trees and ornamental plants in protected forest.,3360900000,conifers,Christmas trees and decorative greenery in peace forest,Christmas trees and decorative greenery in the protected forest,Christmas trees and decorative green in peace forest,1,,,
dk,585.0,"Skovrejsning i projektområde, som ikke er omfattet af tilsagn",Forest establisment in project areas not included by a scheme,3360100000,afforestation_reforestation,"Afforestation in the project area, which is not covered by commitments",Afforestation in the project area not covered by the commitment,Afforestation in project area not subject to commitments,1,,,
dk,586.0,"Skovrejsn. på tidl. landbr. 2, forpagtet","Afforestation on former agricultural land 2, leased",3360100000,afforestation_reforestation,"Forest trip. in former landbr. 2, leased","Afforestation on former agricultural land 2, leased","Lumberjack. On time. Landbr. 2, leased",0,1,,
dk,587.0,Skovrejsning på tidl. landbrugsjord 3,Forest establisment on former farmland 3,3360100000,afforestation_reforestation,Afforestation on former agricultural land 3,Afforestation on former farmland 3,Afforestation of the past. agricultural land 3,1,,,
dk,588.0,Statslig skovrejsning,State afforestation,3360100000,afforestation_reforestation,State afforestation,Government-sponsored afforestation,State afforestation,1,,,
dk,589.0,Bæredygtig skovdrift,Sustainable forestry,3360000000,tree_wood_forest,Sustainable forestry,Sustainable forestry,Sustainable forestry,1,,,
dk,590.0,Bæredygtig skovdrift i Natura 2000-område,Sustainable forestry in Natura 2000 area,3360000000,tree_wood_forest,Sustainable forestry in a Natura 2000 area,Sustainable forestry in a Natura 2000 site,Sustainable forest management in Natura 2000 area,1,,,
dk,591.0,Lavskov.,Coppice forest,3360000000,tree_wood_forest,Lichen forest.,Low forest.,Low forest.,0,1,,
dk,592.0,Pil,Willow,3360800000,willows_osiers,Arrow,Pile,Arrow,0,3,Either for generic energy forestry or specifically willow for energy,1
dk,593.0,Poppel (0-100 andre træer pr. ha),Poplar (0-100 other trees per hectare),3360700000,populus,Poplar (0-100 other trees per ha),Poplar (0–100 other trees per hectare),Poplar (0-100 other trees per year) (ha),1,,,
dk,594.0,El,Alder,3369900000,other_tree_wood_forest,El,The,Electric,0,3,,1
dk,596.0,Elefantgræs,Elephant grass,3320209900,other_poaceae_grasses,Elephant grass,Elephant grass,Elephant grass,1,,,
dk,597.0,Rørgræs,reed canary grass,3320209900,other_poaceae_grasses,Reed grass,Reed grass,Shredded grass,0,1,,
dk,598.0,Sorrel,Sorrel,3310717060,sorrel,Sorrel,Sorrel,Sorrel,1,,,
dk,599.0,Poppel (100-400 andre træer pr. ha),Poplar (100-400 other trees per ha),3360700000,populus,Poplar (100-400 other trees per ha),Poplar (100–400 other trees per hectare),Poplar (100-400 other trees per. (ha),1,,,
dk,602.0,MFO - Pil,EFA - Willow,3360800000,willows_osiers,MFO - Arrow,MFO - Arrow,MFO - Arrow,0,2,,1
dk,603.0,MFO - Poppel (0-100 andre træer pr. ha),MFO - Poplar (0-100 other trees per ha),3360700000,populus,MFO - Poplar (0-100 other trees per ha),MFO - Poplar (0–100 other trees per hectare),MFO - Poplar (0-100 other trees per year) (ha),1,,,
dk,604.0,MFO - El,MFO - Alder,3369900000,other_tree_wood_forest,MFO - El,MFO - El,MFO - El,0,2,,1
dk,605.0,MFO - Lavskov,EFA - Coppice forest,3360000000,tree_wood_forest,MFO - Lichen forest,MFO - Low Forest,MFO - Low forest,0,3,"Ecological Focus Area – Coppice (ash, alder, hazel, willow and poplar only)",1
dk,606.0,MFO - Poppel (100-400 andre træer pr. ha),EFA - Poplar (100-400 other trees per hectare),3360700000,populus,MFO - Poplar (100-400 other trees per ha),MFO - Poplar (100–400 other trees per hectare),MFO - Poplar (100-400 other trees per. (ha),1,,,
dk,650.0,"Chrysanthemum Garland, frø",Chrysanthemum Garland seeds,3310809000,chrysanthemum,"Chrysanthemum Garland, seed","Chrysanthemum Garland, seeds","Chrysanthemum Garland, seeds",1,,,
dk,651.0,Dildfrø.,Dill seeds,3310612030,anethum_dill,Dill seeds.,Dill seeds.,Dill seeds.,1,,,
dk,652.0,Kinesisk kålfrø.,Chinese cabbage seeds,3310707060,chinese_cabbage,Chinese cabbage seed.,Chinese cabbage seeds.,Chinese cabbage seed.,1,,,
dk,653.0,Karsefrø.,Cress seeds,3310718000,cress,Cress seeds.,Cress seeds.,Cress seed.,1,,,
dk,654.0,Rucolafrø,Rocket Arugula seeds,3310717050,rocket_arugula,Arugula seeds,Arugula seeds,Rucola seed,1,,,
dk,655.0,Radissefrø (inklusiv olieræddikefrø),Radish seeds (including oilseed radish),3310715040,radish,Radish seeds (including oil radish seeds),Radish seeds (including oil radish seeds),Rape seed (including colza seed),1,,,
dk,656.0,"Bladbedefrø, rødbede","Beetroot seeds, beetroot",3310719020,mangelwurzel_beets,"Beetroot seeds, beetroot","Swiss chard seeds, beetroot","Beet leaves (chard) seed, Beetroot",1,,,
dk,657.0,Grønkålfrø,Curly Kale seeds,3310707090,kale,Kale seeds,Kale seeds,Kaki/Japanese persimmons/Japanese persimmons,0,3,,1
dk,658.0,Gulerødderfrø,Carrot,3310715020,carrots_daucus,Carrot seeds,Carrot seeds,Carrots,1,,,
dk,659.0,Kålfrø (hvid- og rødkål),Cabbage seeds (white and red cabbage),3310707000,brassicaceae_cruciferae,Cabbage seeds (white and red cabbage),Cabbage seeds (white and red cabbage),Celeriacs/turnip rooted celeries,0,1,,
dk,660.0,Persillefrø,Parsley seeds,3310612270,parsley,Parsley seeds,Parsley seeds,Parsley seed,1,,,
dk,661.0,Kørvelfrø,Chervil seeds,3310612140,chervil,Chervil seeds,Chervil seeds,Chervil seed,0,3,,1
dk,662.0,Majroefrø,Brassica rapa subsp. Rapa seeds,3310715050,turnips,Turnip seeds,Radish seeds,Turnip seed,0,1,,
dk,663.0,Pastinakfrø,Parsnip seeds,3310715030,parsnips,Parsnip seeds,Parsnip seeds,Parsnips,1,,,
dk,664.0,Skorzonerrodfrø.,black salsify seeds,3310715090,salsify,Sorrel root seeds.,Scorzonera seeds.,Salsify root seeds.,0,1,,
dk,665.0,Havrerodfrø,Purple salsify seed,3310715090,salsify,Oatmeal seeds,Oat roots,Root and tuber vegetables,0,3,,1
dk,666.0,Purløgfrø,Chive seeds,3310708010,chives,Chive seeds,Chive seeds,Chives,1,,,
dk,667.0,Timianfrø,Thyme seeds,3310612370,thyme,Thyme seeds,Thyme seeds,Thyme seed,1,,,
dk,668.0,Blomsterfrø,Flower seeds,3310800000,flowers_ornamental_plants,Flower seeds,Flower seeds,Flower seeds,1,,,
dk,669.0,Andet havefrø,Other garden seeds,3311000000,seed_seedlings,Other garden seed,Other garden seeds,Other garden seed,1,,,
dk,701.0,Grønkorn af vårbyg,Green grain of spring barley,3310104002,spring_barley,Green grains of spring barley,Spring barley grains,Green grain of spring barley,1,,,
dk,702.0,Grønkorn af vårhvede,Green grain of spring wheat,3310101002,spring_common_soft_wheat,Green grains of spring wheat,Green grains of spring wheat,Green grain of spring wheat,1,,,
dk,703.0,Grønkorn af vårhavre,Green grain of spring oats,3310105002,spring_oats,Green grains of spring oats,Green grains of spring oats,Green grain of spring orchard,0,1,,
dk,704.0,Grønkorn af vårrug,Green grain of spring rye,3310103002,spring_rye,Green grains of spring rye,Green spring rye,Green grain of spring rye,1,,,
dk,705.0,Grønkorn af vårtriticale,Green grains of spring triticale,3310108002,spring_triticale,Green grains of spring triticale,Spring triticale grain,Green grain of spring triticale,1,,,
dk,706.0,Grønkorn af vinterbyg,Green grain of winter barley,3310104001,winter_barley,Green grains of winter barley,Winter barley grains,Green grain of winter barley,1,,,
dk,707.0,Grønkorn af vinterhvede,Green grain of winter wheat,3310101001,winter_common_soft_wheat,Green grains of winter wheat,Winter wheat kernels,Green grain of winter wheat,1,,,
dk,708.0,Grønkorn af vinterhavre,Green grains of winter oats,3310105001,winter_oats,Green grains of winter oats,Green grains of winter oats,Green grain of winter orchard,0,1,,
dk,709.0,Grønkorn af vinterrug,Green grains of winter rye,3310103001,winter_rye,Green grains of winter rye,Green grains of winter rye,Green grain of winter rye,1,,,
dk,710.0,Grønkorn af hybridrug,Green grains of hybrid rye,3310103000,rye,Green grains of hybrid rye,Green grains of hybrid rye,Green grain of hybrid rye,1,,,
dk,711.0,Grønkorn af vintertriticale,Green grains of winter triticale,3310108001,winter_triticale,Green grains of winter triticale,Winter triticale grain,Green grain of winter triticale,1,,,
dk,777.0,Ex-non-food brak,Ex-non-food fallow,3311100000,fallow_land_not_crop,Ex-non-food fallow,Ex-non-food brak,Ex-non-food brackish,0,1,,
dk,800.0,Andre arealer i skovblokke,Other areas in forest blocks,3360000000,tree_wood_forest,Other areas in forest blocks,Other areas within forest blocks,Other land in forest blocks,1,,,
dk,801.0,Skov i IKKE skovblok,Forest in NOT forest block,3360000000,tree_wood_forest,Forest in NOT forest block,Forest in a NON-forest block,Forests in non-forest block,1,,,
dk,900.0,Øvrige afgrøder,Other crops,3310000000,arable_crops,Other crops,Other crops,Other crops,1,,,
dk,901.0,Naturarealer efter driftsloven,Natural areas according to the Farming Act,3390000000,not_known_and_other,Natural areas according to the Operating Act,Natural areas under the Farmland Act,Natural areas under the operating law,1,,,
dk,902.0,Naturlignende arealer,Nature-like areas,3390000000,not_known_and_other,Nature-like areas,Natural-looking areas,Nature-like areas,1,,,
dk,903.0,"Lysåbne arealer, fredsskovspligtige","Open areas, protected forest areas",3360000000,tree_wood_forest,"Light open areas, peace forest duty",Open areas subject to forest conservation requirements,"Light-open areas, peacekeepers",0,1,,
dk,904.0,Åbne arealer i skov,Open areas in forest,3360000000,tree_wood_forest,Open areas in forest,Open areas in the forest,Open areas in forest,1,,,
dk,905.0,Anden anvendelse på tilsagnsarealer,Other use on commitment areas,3390000000,not_known_and_other,Other use on commitment areas,Other uses of designated areas,Other application to commitment areas,1,,,
dk,906.0,Afmeldte arealer,Withdrawn areas,3370000000,unmaintained,Deregistered areas,Areas that have been deregistered,Declared areas,0,1,,
dk,907.0,Økologiske naturarealer,Organic natural areas,3390000000,not_known_and_other,Ecological natural areas,Ecological natural areas,Organic natural areas,1,,,
dk,908.0,"Naturarealer, ansøgning om miljøtilsagn","Natural areas, application for environmental commitment",3390000000,not_known_and_other,"Natural areas, application for environmental commitment","Natural Areas, Application for Environmental Commitments","Natural areas, application for environmental commitments",1,,,
dk,910.0,Ikke anmeldt mark,Unreported field,3390000000,not_known_and_other,Not declared field,Unregistered land,Unnotified mark,0,1,,
dk,920.0,Økologisk sommerbrak,Organic summer fallow,3311100000,fallow_land_not_crop,Organic summer fallow,Organic summer fallow,Organic summer set-aside,0,1,,
dk,921.0,Intern kode: Bar jord,Internal code: Bare soil,3390000000,not_known_and_other,Internal code: Bare ground,Internal code: Bare soil,Internal code: bare land,1,,,
dk,960.0,"Græs, udlæg/eftersl. efter grønkorn o.l","Grass, undersown/aftermath after green grain harvest and similar",3320000000,grassland_grass,"Grass, outlay/after after sorghum etc","Grass, first cut/second cut after green grain, etc.","Grass, seedlings/sl. after green grains, etc.",0,1,,
dk,961.0,"Græs, udlæg/eftersl. eft.helsæd/tidl.frø","Grass, undersown/aftermath after whole-crop silage / early seed crop",3320000000,grassland_grass,"Grass, outlay/after eft.whole seed/old seed","Grass, first cut/second cut after whole-crop silage/early seed","Grass, seedlings/sl. eft. whole seed/ext. seed",0,3,"Græs, udlagt eller eftersået efter helsæd / tidligere frø",4
dk,962.0,"Græs, udlæg/eftersl. eft.korn/sildig frø","Grass, undersown/aftermath after cereals / late seed crop",3320000000,grassland_grass,"Grass, outlay/after eft. grain/herring seed","Grass, first cut/second cut after grain harvest/late-season seed","Grass, seedlings/sl. eft. grain/silige seed",0,3,"Græs, udlagt eller eftersået efter korn / sildig frø",4
dk,963.0,"Kløvergræs, udlæg/eftersl.efter grønkorn","Clover grass, sowing/following after green grain",3310202030,clover,"Clover grass, spread/follow-up after sorghum","Clover grass, first cut/second cut after green grain","Clover grass, seed/sl. after green grain",0,1,,
dk,964.0,"Kløvergræs, udlæg/efterslæt efter helsæd","Clover grass, sown/after following whole crop.",3310202030,clover,"Clover grass, outlay/backlog after whole seed","Clover grass, first cut/second cut after a mixed seed crop","Clover Grass, Layouts/Lastes after whole sperm",0,1,,
dk,965.0,"Kløvergræs, udlæg/efterslæt efter korn","Clover-grass, undersown / after-sown after cereals",3310202030,clover,"Clover grass, outlay/backlog after grain","Clover grass, first cut/second cut after grain","Clover grass, cereal-based lay-out/after-cereals",0,3,,1
dk,968.0,Pligtige efterafgrøder,Mandatory catch crops,3310000000,arable_crops,Obligatory after-payments,Mandatory follow-up,Social security for migrant workers and members of their families moving within the Community,0,3,,1
dk,995.0,Slettet mark,Cleared field,3310000000,arable_crops,Deleted field,Plowed field,Deleted field,0,2,,1
dk,997.0,Ikke kontrolleret afgrøde (kontrollørkode),Uncontrolled crop (control code),3390000000,not_known_and_other,Not controlled crop (inspector code),Uninspected crop (inspector code),Unchecked crop (controller code),1,,,
dk,998.0,Ukendt afgrøde,Unknown crop,3390000000,not_known_and_other,Unknown crop,Unknown crop,Unknown crop,1,,,
dk,999.0,Ugyldig afgrødekode,Invalid crop code,3390000000,not_known_and_other,Invalid department code,Invalid decision code,Invalid code,1,,,
dk,10001.0,0,unknown,3390000000,not_known_and_other,0,0,0,1,,,
dk,10003.0,20-årig udtagning me,20-year set-aside with,3390000000,not_known_and_other,20-year selection me,20-year-old selected for,20-year take-off me,0,1,,
dk,10004.0,20-årig udtagning med skov,20-year set-aside with forest,3360000000,tree_wood_forest,20-year sampling with forest,20-year rotation with forest,20-year set-aside with forest,0,1,,
dk,10005.0,Anden anvendelse på,Other use on,3390000000,not_known_and_other,Other use on,Other uses for,Other uses,1,,,
dk,10006.0,Anden buskfrugt,Other shrub fruit,3330800000,shrubberries_shrubs,Other bush fruit,Other berry fruits,Other shrubs,1,,,
dk,10007.0,Andre grøntsager,Vegetables.,3310700000,fresh_vegetables,Other vegetables,Other vegetables,Other vegetables,1,,,
dk,10008.0,"Andre kornarter, vår","Other cereals, spring",3310198002,spring_unspecified_cereals,"Other cereals, spring","Other grains, spring","Other cereals, spring",1,,,
dk,10009.0,"Andre kornarter, vårsået","Other cereals, spring sown",3310198002,spring_unspecified_cereals,"Other cereals, spring sown","Other cereal crops, spring-sown","Other cereals, spring",1,,,
dk,10010.0,Blandet støtteberett,Mixed eligibility,3390000000,not_known_and_other,Mixed support report,Mixed eligibility,Mixed aid,1,,,
dk,10011.0,"Blandkorn, efterårss","Mixed grain, autumn.",3310198001,winter_unspecified_cereals,"Mixed grain, autumn","Mixed grain, fall","Mix grain, autumn",1,,,
dk,10012.0,"Blandkorn, vårsået,","Mixed cereals, spring-sown,",3310198002,spring_unspecified_cereals,"Mixed grain, spring sown,","Mixed grain, spring-sown,","Mix grain, spring seed,",1,,,
dk,10013.0,Blomme med undervæks,Plum with undergrowth,3330113000,plums,Plum with undergrowth,Plum with a growth defect,Plums with undergrowth,1,,,
dk,10014.0,Blomme uden undervæk,Plum without undergrowth,3330113000,plums,Plum without underwet,Plum without a stem,Plum without underparts,1,,,
dk,10015.0,Blomme uden undervækst af græs,Plum without undergrowth of grass,3330113000,plums,Plum without undergrowth of grass,Plum tree without grass growing beneath it,Pocket without grass undergrowth,1,,,
dk,10016.0,Brombær,Blackberry,3330202010,blackberry,Blackberry,Blackberries,Blackberries,1,,,
dk,10017.0,En- og to-årige plan,One- and two-year plants,3310000000,arable_crops,One- and two-year plan,One- and two-year plans,One- and two-year plan,0,2,Plan is short for planter,4
dk,10018.0,Engrapgræsfrø (markt,Poa pratensis L. Seed (field),3320209900,other_poaceae_grasses,Fenugreek seeds (markt,Couch grass seed (market),Engrap grass seed (markt),0,3,,1
dk,10019.0,Græs  under 50% kløv,Grass under 50% clover,3320000000,grassland_grass,Grass under 50% cleavage,Grass  with less than 50% clover,Grass less than 50% clover,1,,,
dk,10020.0,Græs med vikke og an,Grass with vetch and other,3320000000,grassland_grass,Grass with vetch and etc,Grass with vetch and an,Grass with wedgies and ankles,0,2,an is short for Andre,4
dk,10021.0,Græs og kløvergræs u,Grass and clover grass mixture.,3320000000,grassland_grass,Grass and clover grass u,Grass and clover grass,Grass and clover grass u,1,,,
dk,10022.0,Græs og kløvergræs uden norm,Grass and clover grass without norm.,3320000000,grassland_grass,Grass and clover grass without norm,Grass and clover grass without a standard,Grass and clover grass without norm,1,,,
dk,10023.0,Græs til fabrik (omd,Grass for factory (omd.,3320000000,grassland_grass,Grass for factory (rev,Grass for the factory (approx.,Plant grass (round),1,,,
dk,10024.0,Græs til fabrik (omdrift),Grass for factory (rotation),3320201000,poaceae_grasses,Grass for factory (circulation),Grass for the factory (rotation),Grass for factory (rotation),1,,,
dk,10025.0,Græs til udegrise,Grass for outdoor pigs,3320000000,grassland_grass,Grass for outdoor pigs,Grass for outdoor pigs,Grass for pork,1,,,
dk,10026.0,Græs uden kløvergræs,Grass without clover grass,3320000000,grassland_grass,Grass without clover grass,Grass without clover,Grass without clover grass,1,,,
dk,10027.0,Græs under 50% kløve,Grass under 50% clover,3320000000,grassland_grass,Grass below 50% clove,Grass with less than 50% clover,Grass less than 50% cloves,0,3,kløve is truncated of kløver,4
dk,10028.0,"Græs under 50% kløver, ekstremt lavt udbytte","Grass under 50% clover, extremely low yield.",3320000000,grassland_grass,"Grass below 50% clover, extremely low yield","Grass with less than 50% clover, extremely low yield","Grass less than 50% clover, extremely low yield",1,,,
dk,10029.0,"Græs under 50% kløver, lavt udbytte","Grass under 50% clover, low yield.",3320000000,grassland_grass,"Grass under 50% clover, low yield","Grass with less than 50% clover, low yield","Grass less than 50% clover, low yield",1,,,
dk,10030.0,"Græs, slæt før vårså","Grass, smooth before spring sowing.",3320000000,grassland_grass,"Grass, meadow before spring sowing",Grass: mow before spring sowing,"Grass, rash before spring",0,1,,
dk,10031.0,Græskar,Pumpkin,3310702040,pumpkin_squash_gourd,Pumpkin,Pumpkin,Pumpkins,1,,,
dk,10032.0,Hassel,Hazel,3330302000,hazelnuts_hazel,Hazelnut,Hazel,Hassel,0,1,,
dk,10033.0,Havre,Oats,3310105000,oats,Oats,Oats,Oats,1,,,
dk,10034.0,"Havre, helsæd","Oat, whole crop",3310105000,oats,"Oats, whole grain","Oats, whole grain","Oats, whole sperm",0,2,,1
dk,10035.0,Hybridrug,Hybrid rye,3310103000,rye,Hybrid rye,Hybridrug,Hybrids,0,1,,
dk,10036.0,Juletræer og pyntegr,Christmas trees and ornamental plants.,3360900000,conifers,Christmas trees and decorations,Christmas trees and decorations,Christmas trees and ornamental plants,1,,,
dk,10037.0,"Kartofler, lægge-","Potatoes, lay- (Laying potatoes)",3310300000,potatoes,"Potatoes, lay-","Potatoes, planting","Potatoes, seed-",0,1,,
dk,10038.0,"Kartofler, spise-",Potatoes consumption,3310300000,potatoes,"Potatoes, edible","Potatoes, edible","Potatoes, eating-",1,,,
dk,10039.0,"Kartofler, stivelses-",Potatoes starchy,3310300000,potatoes,"Potatoes, starch","Potatoes, starchy","Potatoes, starch",1,,,
dk,10040.0,Kinesisk kålfrø,Chinese cabbage seeds,3310707060,chinese_cabbage,Chinese cabbage seed,Chinese cabbage seeds,Chinese cabbage seed,1,,,
dk,10041.0,Kløver til slæt,Clover for mowing,3310202030,clover,Clover for the plain,Clover for hay,Clover for rash,0,1,,
dk,10042.0,"Kløvergræs, over 50%","Clover grass, over 50%.",3310202030,clover,"Clover grass, over 50%","Clover grass, over 50%","Clover grass, more than 50%",1,,,
dk,10043.0,"Kløvergræs, under 50","Clover grass, under 50.",3320000000,grassland_grass,"Clover grass, under 50","Clover grass, under 50","Clover grass, less than 50",1,,,
dk,10044.0,Korn + bælgsæd under,Grain + legumes under,3310100000,cereal,Grain + leguminous seed below,Grains + legumes below,Cereals + grain legumes,1,,,
dk,10045.0,Korn + bælgsæd under 50% bælgsæd,Cereals + legumes below 50% legumes,3310100000,cereal,Grain + leguminous seed under 50% leguminous seed,"Grains + legumes, with legumes accounting for less than 50%",Cereals + grain legumes less than 50%,1,,,
dk,10046.0,"Korn og bælgsæd, grø","Grain and legumes, grass",3310100000,cereal,"Cereals and pulses, groats","Cereals and legumes, green","Cereals and pulses, green",0,1,,
dk,10047.0,"Korn og bælgsæd, grønkorn, under 50% bælgsæd",Cereals and pulses green grains less than 50% pulses,3310100000,cereal,"Cereals and pulses, green grains, less than 50% pulses","Grains and legumes, green grains, less than 50% legumes","Cereals and grain legumes, grain, less than 50%",1,,,
dk,10048.0,"Korn og bælgsæd, hel","Grain and legumes, whole",3310100000,cereal,"Cereals and legumes, whole","Grains and legumes, whole","Cereals and grain legumes, whole",1,,,
dk,10049.0,"Korn og bælgsæd, helsæd, under 50% bælgsæd",Cereals and legumes whole grains less than 50% legumes,3310100000,cereal,"Cereals and pulses, whole grain, less than 50% pulses","Grains and legumes, whole grains, less than 50% legumes","Cereals and grain legumes, whole sperm, less than 50%",1,,,
dk,10050.0,Lavskov,Coppice forest,3360000000,tree_wood_forest,Lichen forest,Low forest,Low forest,0,1,,
dk,10051.0,"Lucerne, lucernegræs","Alfalfa, lucerne grass",3310202010,alfalfa_lucerne,"Lucerne, alfalfa grass","Alfalfa, alfalfa grass","Lucerne, lucerne grass",1,,,
dk,10052.0,"Lucerne, over 25% gr","Lucerne, over 25% protein.",3310202010,alfalfa_lucerne,"Lucerne, over 25% gr","Alfalfa, over 25%","Lucerne, more than 25% gr",1,,,
dk,10053.0,"Lucerne, over 25% græs til slæt","Lucerne, over 25% grass for mowing.",3310202010,alfalfa_lucerne,"Lucerne, over 25% grass for plain","Alfalfa, over 25% grass for hay","Lucerne, more than 25% grass to the graze",1,,,
dk,10054.0,"Lucerne, slæt",Lucerne mowing,3310202010,alfalfa_lucerne,"Alfalfa, plain","Alfalfa, cut","Lucerne, rash",0,1,,
dk,10055.0,Lysåbne arealer i sk,Open areas in forest,3360000000,tree_wood_forest,Light open areas in so-called,Open areas in the forest,Light-open areas in sk,0,2,i skov,4
dk,10056.0,Lysåbne arealer i skov,Light and open areas in wood,3360000000,tree_wood_forest,Light open areas in forest,Open areas in the forest,Light-open areas in forest,1,,,
dk,10057.0,Løg,Onion,3310708040,onions,Onion,Onions,sweet peppers/bell peppers (bell peppers/bell peppers/bell peppers/bell peppers/bell peppers/bell peppers/bell peppers/bell peppers/bell peppers/bell peppers/bell peppers/bell peppers/bell peppers/bell peppers/bell peppers/bell peppers/bell peppers/bell peppers/bell peppers/bell peppers/bell peppers/bell peppers/bell peppers/bell peppers/bell peppers/bell peppers/bell peppers/bell peppers/bell peppers/bell peppers/bell peppers/bell peppers/bell peppers/bell peppers/bell peppers/bell peppers/bell peppers/bell peppers/bell peppers/bell peppers/bell peppers/bell peppers/bell peppers/bell,0,1,,
dk,10058.0,"MVJ ej udtagning, ej","MVJ no set-aside, non",3390000000,not_known_and_other,"MVJ no withdrawal, no","MVJ: no selection, no","Not picked up, not picked up",0,2,ej,4
dk,10059.0,"MVJ udtagning, ej la","MVJ set-aside, no",3390000000,not_known_and_other,"MVJ extraction, not la","MVJ selection, not included",MVJ excavation,0,2,ej la,4
dk,10060.0,"Markfrø til udsæd, a","Field seeds for sowing, a",3311000000,seed_seedlings,"Field seed for seed, a","Field seeds for sowing, a","Field seeds for sowing, a",1,,,
dk,10061.0,"Medicinpl., en- og toårige",Medicinal plants annual and biennial,3310612000,aromatic_medicinal_culinary_plants_spices_herbs,"Medicinpl., one- and two-year-olds","Pharmacy, one- and two-year programs","Medication, one- and two-year-olds",0,1,,
dk,10062.0,Miljøgræs MVJ-tilsag,Environmental grass MVJ commitment,3320000000,grassland_grass,Miljøgræs MVJ commitment,MVJ Environmental Grass Grant,Environmental Grass MVJ Case,0,1,,
dk,10063.0,Miljøgræs MVJ-tilsagn (0 N),Environmental grass MVJ commitment (0 N),3320000000,grassland_grass,Environmental grass MVJ commitment (0 N),Environmental Grass MVJ Commitment (0 N),Environmental grass MVJ commitments (0 N),1,,,
dk,10064.0,Miljøgræs MVJ-tilsagn (80 N),Environmental grass MVJ commitment (80 N),3320000000,grassland_grass,Miljøgræs MVJ commitment (80 N),Environmental Grass MVJ Commitment (80 N),Environmental grass MVJ commitments (80 N),0,1,,
dk,10065.0,Miljøgræs med udtagning,Environmental grass with set-aside,3320000000,grassland_grass,Environmental grass with extraction,Environmental grass with harvesting,Environmental grass with set-aside,0,1,,
dk,10066.0,"Miljøtiltag, ej land","Environmental initiative, not land",3390000000,not_known_and_other,"Environmental measures, not land","Environmental measures, not land",Non-country environmental measures,0,1,,
dk,10067.0,"Naturarealer, ansøgn","Natural areas, application",3390000000,not_known_and_other,"Natural areas, application","Natural areas, application",Natural areas applied for,1,,,
dk,10068.0,Nyplantning i skov m,New planting in forest m,3360000000,tree_wood_forest,New planting in forest etc,Reforestation in the forest,Reforestation,0,1,,
dk,10069.0,Permanent græs og kl,Permanent grass and clover.,3320100000,permanent_grassland,Permanent grass and,Permanent grass and clover,Permanent grass and kl,0,1,,
dk,10070.0,Permanent græs og kløver uden norm,Permanent grass and clover without norm.,3320100000,permanent_grassland,Permanent grass and clover without norm,Permanent grass and clover without a standard,Permanent grass and clover without norm,1,,,
dk,10071.0,"Permanent græs, lavt","Permanent grass, low",3320100000,permanent_grassland,"Permanent grass, low","Permanent grass, low","Permanent grass, low",1,,,
dk,10072.0,"Permanent græs, mege","Permanent grass, meadow",3320100000,permanent_grassland,"Permanent grass, a lot","Permanent grass, mege","Permanent grass, mege",0,1,,
dk,10073.0,"Permanent græs, norm","Permanent grass, normal",3320100000,permanent_grassland,"Permanent grass, norm","Permanent grassland, standard","Permanent grass, norm",1,,,
dk,10074.0,"Permanent græs, over","Permanent grass, over.",3320100000,permanent_grassland,"Permanent grass, over","Permanent grass, over","Permanent grass, over",1,,,
dk,10075.0,"Permanent græs, over 50% kløver","Permanent grass, over 50% clover.",3310202030,clover,"Permanent grass, over 50% clover","Permanent pasture, over 50% clover","Permanent grass, more than 50% clover",1,,,
dk,10076.0,"Permanent græs, uden","Permanent grass, without.",3320100000,permanent_grassland,"Permanent grass, outside","Permanent grass, without","Permanent grass, without",1,,,
dk,10077.0,"Permanent græs, uden kløver",Permanent grass without clover,3320100000,permanent_grassland,"Permanent grass, without clover","Permanent grass, without clover","Permanent grass, without clover",1,,,
dk,10078.0,"Permanent græs, unde",Permanent grass,3320100000,permanent_grassland,"Permanent grass, unde","Permanent grass, unde","Permanent grass, unde",1,,,
dk,10079.0,"Permanent græs, under 50% kløver","Permanent grass, under 50% clover.",3320100000,permanent_grassland,"Permanent grass, less than 50% clover","Permanent pasture, less than 50% clover","Permanent grass, less than 50% clover",1,,,
dk,10080.0,"Permanent græs, ø-st","Permanent grass,  eligible for organic subsidies",3320100000,permanent_grassland,"Permanent grass, ø-st","Permanent grassland, east","Permanent grass, ø-st",0,3,Økologisk-støtteberettiget,4
dk,10081.0,Permanent lucerne og,Permanent lucerne,3310202010,alfalfa_lucerne,Permanent alfalfa and,Permanent alfalfa and,Permanent lucerne and,1,,,
dk,10082.0,Planteskolekulturer,Nursery crops,3330700000,nurseries_nursery,Nursery cultures,Nursery crops,Plant-school cultures,1,,,
dk,10083.0,Poppel,Poplar,3360700000,populus,Poplar,Poplar,Poplar,1,,,
dk,10084.0,Pærer,Pear,3330112000,pears,Bulbs,Light bulbs,Pears,0,3,Same word as bulbs,1
dk,10085.0,"Rajgræsfrø, alm. 1.","Rye grass seed, common 1.",3320201050,lolium_ryegrass,"Rye grass seed, common 1.","Ryegrass seed, common 1.","Ryegrass seed, alm. 1.",1,,,
dk,10086.0,"Rajgræsfrø, ital. 1.",Italian ryegrass seed,3320201050,lolium_ryegrass,"Rye grass seed, Italian 1.","Ryegrass seed, Italian 1.","Rajgrass seeds, ital. 1.",1,,,
dk,10087.0,"Rapgræsfrø, alm.",Poa trivialis,3320209900,other_poaceae_grasses,"Rapeseed seed, common","Rye grass seed, common","Rape grass seed, alm.",0,3,Almindelig rapgræs,4
dk,10088.0,Rekreative formål,Recreative purpose,3390000000,not_known_and_other,Recreational purposes,Recreational purposes,Recreational purposes,1,,,
dk,10089.0,Roer til fabrik,Beets for factory,3310719020,mangelwurzel_beets,Turnips to factory,Beets for the factory,Reeds for factory,0,3,,1
dk,10090.0,Rødbede,Beetroot,3310719020,mangelwurzel_beets,Beetroot,Beetroot,Beetroot,1,,,
dk,10091.0,Rødsvingelfrø,Red fescue seeds,3320201020,festuca_fescue,Fenugreek seeds,Red fescue seeds,Red fescue seed,0,1,,
dk,10092.0,Rørgræs,Reed canary grass,3320209900,other_poaceae_grasses,Reed grass,Reed grass,Shredded grass,0,3,,1
dk,10093.0,Salat,salad,3310717000,salads_lettuce_leaf_vegetables,Salad,Salad,"Rocket, Rusks, Rusks, Rusks, Rusks, Rhubarbs, Rusks, Rhubarbs, Rhubarbs, Rhubarbs, Rhubarbs, Rhubarbs, Rhubarbs, Rhubarbs, Rhubarbs, Rhubarbs, Rhubarbs, Rhubarbs, Rhubarbs, Rhubarbs, Rhubarbs, Rhubarbs, Rhubarbs, Rhubarbs, Rhubarbs, Rhubarbs, Rhubarbs, Rhubarbs, Rhubarbs, Rhubarbs, Rhubarbs, Rhubarbs, Rhubarbs",0,1,,
dk,10094.0,Skovrejsning i proje,Afforestation in project,3360100000,afforestation_reforestation,Reforestation in the project,Afforestation in the project,Project Afforestation,1,,,
dk,10095.0,Skovrejsning på tidl,Afforestation on former,3360100000,afforestation_reforestation,Reforestation in the past,Afforestation on former,Afforestation of the past,1,,,
dk,10096.0,Surkirsebær med unde,Sour cherry with rootstock,3330104000,cherry_cherries,Sour cherries with unde,Sour cherries with seeds,Sour cherries with undeed,0,1,,
dk,10097.0,Surkirsebær uden und,Sour cherry without rootstock,3330104000,cherry_cherries,Sour cherries without fail,Sour cherries without pits,Sour cherries without,0,1,,
dk,10098.0,"Svingelfrø, strand-",Festuca ovina var. Duriuscula seeds,3320201020,festuca_fescue,"Fenugreek seeds, beach","Fescue seeds, beach-","Fungal seed, beach-",0,3,,1
dk,10099.0,Timothefrø,Timothy seeds,3320201090,timothy,Timothy seeds,Timothy seeds,Timothy seed,1,,,
dk,10100.0,Udnyttet græs ved va,Utilized grass,3320000000,grassland_grass,Utilized grass at va,Grazed grass by va,Utilised grass at va,1,,,
dk,10101.0,Udyrkede landbrugsar,Uncultivated agricultural areas,3310000000,arable_crops,Uncultivated agricultural land,Uncultivated farmland,Uncultivated agricultural years,1,,,
dk,10102.0,Udyrket areal ved va,Uncultivated area by water,3310000000,arable_crops,Uncultivated area at va,Uncultivated land near the water,Uncultivated area at Va,0,3,ved vand,4
dk,10103.0,Unknown,unknown,3390000000,not_known_and_other,Unknown,Unknown,Unknown,1,,,
dk,10104.0,Vindrue,Grape,3330600000,vineyards_wine_vine_rebland_grapes,Grape,Grape,Grape,1,,,
dk,10105.0,"Vinterhvede, brødhve","Winter wheat, bread wheat",3310101001,winter_common_soft_wheat,"Winter wheat, bread wheat","Winter wheat, bread wheat","Winter wheat, breadcheat",1,,,
dk,10106.0,"Vintertertriticale,","Winter triticale,",3310108001,winter_triticale,"winter tertriticale,","Winter triticale,","Winter triticale,",1,,,
dk,10107.0,"Vintertertriticale, helsæd","Winter triticale, whole grain",3310108001,winter_triticale,"Winter tertriticale, whole seed","Winter triticale, whole grain","Winter triticale, whole sperm",1,,,
dk,10108.0,Vådområder med udtag,Wetlands with set-aside,3390000000,not_known_and_other,Wetlands with outlets,Wetlands with water intakes,Wet-out areas,0,1,,
dk,10109.0,Vådområder med udtagning,Wetlands with set aside,3390000000,not_known_and_other,Wetlands with extraction,Wetlands with drainage,Wetlands with set-aside,0,1,,
dk,10110.0,Ærter,Peas,3310201080,peas,Peas,Peas,Peas,1,,,
dk,10111.0,Økologiske naturarea,Organic natural areas,3390000000,not_known_and_other,Ecological nature area,Ecological nature areas,Organic naturearea,1,,,
dk,,,,3390000000,not_known_and_other,,,,,,,